2017-12-12,13:41:18.08,0.08,2017-12-12 13:41:18,NA,NA,3E7_0000001D05,NA,NA,NA,RanchoSanCarlos,Biomark,C:\Users\HaleyOhms\Documents\GitHub\AntWrangler\example\RanchoSanCarlos\archive\2019-01-17_2019-01-17_2019-01-17_01_00006.log,5,2019-01-17
2017-12-12,13:41:18.14,0.14,2017-12-12 13:41:18,NA,NA,3E7_0000001D06,NA,NA,NA,RanchoSanCarlos,Biomark,C:\Users\HaleyOhms\Documents\GitHub\AntWrangler\example\RanchoSanCarlos\archive\2019-01-17_2019-01-17_2019-01-17_01_00006.log,8,2019-01-17
2017-12-12,13:41:18.20,0.2,2017-12-12 13:41:18,NA,NA,3E7_0000001D01,NA,NA,NA,RanchoSanCarlos,Biomark,C:\Users\HaleyOhms\Documents\GitHub\AntWrangler\example\RanchoSanCarlos\archive\2019-01-17_2019-01-17_2019-01-17_01_00006.log,11,2019-01-17
2017-12-12,13:41:18.25,0.25,2017-12-12 13:41:18,NA,NA,3E7_0000001D02,NA,NA,NA,RanchoSanCarlos,Biomark,C:\Users\HaleyOhms\Documents\GitHub\AntWrangler\example\RanchoSanCarlos\archive\2019-01-17_2019-01-17_2019-01-17_01_00006.log,13,2019-01-17
2017-12-12,13:41:18.35,0.35,2017-12-12 13:41:18,NA,NA,3E7_0000001D03,NA,NA,NA,RanchoSanCarlos,Biomark,C:\Users\HaleyOhms\Documents\GitHub\AntWrangler\example\RanchoSanCarlos\archive\2019-01-17_2019-01-17_2019-01-17_01_00006.log,16,2019-01-17
2017-12-12,13:41:18.41,0.41,2017-12-12 13:41:18,NA,NA,3E7_0000001D04,NA,NA,NA,RanchoSanCarlos,Biomark,C:\Users\HaleyOhms\Documents\GitHub\AntWrangler\example\RanchoSanCarlos\archive\2019-01-17_2019-01-17_2019-01-17_01_00006.log,20,2019-01-17
2017-12-12,14:41:18.09,0.09,2017-12-12 14:41:18,NA,NA,3E7_0000001D06,NA,NA,NA,RanchoSanCarlos,Biomark,C:\Users\HaleyOhms\Documents\GitHub\AntWrangler\example\RanchoSanCarlos\archive\2019-01-17_2019-01-17_2019-01-17_01_00006.log,55,2019-01-17
2017-12-12,14:41:18.15,0.15,2017-12-12 14:41:18,NA,NA,3E7_0000001D01,NA,NA,NA,RanchoSanCarlos,Biomark,C:\Users\HaleyOhms\Documents\GitHub\AntWrangler\example\RanchoSanCarlos\archive\2019-01-17_2019-01-17_2019-01-17_01_00006.log,58,2019-01-17
2017-12-12,14:41:18.20,0.2,2017-12-12 14:41:18,NA,NA,3E7_0000001D02,NA,NA,NA,RanchoSanCarlos,Biomark,C:\Users\HaleyOhms\Documents\GitHub\AntWrangler\example\RanchoSanCarlos\archive\2019-01-17_2019-01-17_2019-01-17_01_00006.log,61,2019-01-17
2017-12-12,14:41:18.41,0.41,2017-12-12 14:41:18,NA,NA,3E7_0000001D04,NA,NA,NA,RanchoSanCarlos,Biomark,C:\Users\HaleyOhms\Documents\GitHub\AntWrangler\example\RanchoSanCarlos\archive\2019-01-17_2019-01-17_2019-01-17_01_00006.log,66,2019-01-17
2017-12-12,14:41:18.46,0.46,2017-12-12 14:41:18,NA,NA,3E7_0000001D05,NA,NA,NA,RanchoSanCarlos,Biomark,C:\Users\HaleyOhms\Documents\GitHub\AntWrangler\example\RanchoSanCarlos\archive\2019-01-17_2019-01-17_2019-01-17_01_00006.log,68,2019-01-17
2017-12-12,15:41:18.15,0.15,2017-12-12 15:41:18,NA,NA,3E7_0000001D03,NA,NA,NA,RanchoSanCarlos,Biomark,C:\Users\HaleyOhms\Documents\GitHub\AntWrangler\example\RanchoSanCarlos\archive\2019-01-17_2019-01-17_2019-01-17_01_00006.log,114,2019-01-17
2017-12-12,15:41:18.21,0.21,2017-12-12 15:41:18,NA,NA,3E7_0000001D04,NA,NA,NA,RanchoSanCarlos,Biomark,C:\Users\HaleyOhms\Documents\GitHub\AntWrangler\example\RanchoSanCarlos\archive\2019-01-17_2019-01-17_2019-01-17_01_00006.log,117,2019-01-17
2017-12-12,15:41:18.27,0.27,2017-12-12 15:41:18,NA,NA,3E7_0000001D05,NA,NA,NA,RanchoSanCarlos,Biomark,C:\Users\HaleyOhms\Documents\GitHub\AntWrangler\example\RanchoSanCarlos\archive\2019-01-17_2019-01-17_2019-01-17_01_00006.log,120,2019-01-17
2017-12-12,15:41:18.37,0.37,2017-12-12 15:41:18,NA,NA,3E7_0000001D06,NA,NA,NA,RanchoSanCarlos,Biomark,C:\Users\HaleyOhms\Documents\GitHub\AntWrangler\example\RanchoSanCarlos\archive\2019-01-17_2019-01-17_2019-01-17_01_00006.log,123,2019-01-17
2017-12-12,15:41:18.43,0.43,2017-12-12 15:41:18,NA,NA,3E7_0000001D01,NA,NA,NA,RanchoSanCarlos,Biomark,C:\Users\HaleyOhms\Documents\GitHub\AntWrangler\example\RanchoSanCarlos\archive\2019-01-17_2019-01-17_2019-01-17_01_00006.log,126,2019-01-17
2017-12-12,15:41:18.48,0.48,2017-12-12 15:41:18,NA,NA,3E7_0000001D02,NA,NA,NA,RanchoSanCarlos,Biomark,C:\Users\HaleyOhms\Documents\GitHub\AntWrangler\example\RanchoSanCarlos\archive\2019-01-17_2019-01-17_2019-01-17_01_00006.log,128,2019-01-17
2017-12-12,16:41:18.11,0.11,2017-12-12 16:41:18,NA,NA,3E7_0000001D06,NA,NA,NA,RanchoSanCarlos,Biomark,C:\Users\HaleyOhms\Documents\GitHub\AntWrangler\example\RanchoSanCarlos\archive\2019-01-17_2019-01-17_2019-01-17_01_00006.log,192,2019-01-17
2017-12-12,16:41:18.16,0.16,2017-12-12 16:41:18,NA,NA,3E7_0000001D01,NA,NA,NA,RanchoSanCarlos,Biomark,C:\Users\HaleyOhms\Documents\GitHub\AntWrangler\example\RanchoSanCarlos\archive\2019-01-17_2019-01-17_2019-01-17_01_00006.log,195,2019-01-17
2017-12-12,16:41:18.21,0.21,2017-12-12 16:41:18,NA,NA,3E7_0000001D02,NA,NA,NA,RanchoSanCarlos,Biomark,C:\Users\HaleyOhms\Documents\GitHub\AntWrangler\example\RanchoSanCarlos\archive\2019-01-17_2019-01-17_2019-01-17_01_00006.log,198,2019-01-17
2017-12-12,16:41:18.27,0.27,2017-12-12 16:41:18,NA,NA,3E7_0000001D03,NA,NA,NA,RanchoSanCarlos,Biomark,C:\Users\HaleyOhms\Documents\GitHub\AntWrangler\example\RanchoSanCarlos\archive\2019-01-17_2019-01-17_2019-01-17_01_00006.log,201,2019-01-17
2017-12-12,16:41:18.34,0.34,2017-12-12 16:41:18,NA,NA,3E7_0000001D04,NA,NA,NA,RanchoSanCarlos,Biomark,C:\Users\HaleyOhms\Documents\GitHub\AntWrangler\example\RanchoSanCarlos\archive\2019-01-17_2019-01-17_2019-01-17_01_00006.log,204,2019-01-17
2017-12-12,16:41:18.39,0.39,2017-12-12 16:41:18,NA,NA,3E7_0000001D05,NA,NA,NA,RanchoSanCarlos,Biomark,C:\Users\HaleyOhms\Documents\GitHub\AntWrangler\example\RanchoSanCarlos\archive\2019-01-17_2019-01-17_2019-01-17_01_00006.log,207,2019-01-17
2017-12-12,17:41:18.09,0.09,2017-12-12 17:41:18,NA,NA,3E7_0000001D04,NA,NA,NA,RanchoSanCarlos,Biomark,C:\Users\HaleyOhms\Documents\GitHub\AntWrangler\example\RanchoSanCarlos\archive\2019-01-17_2019-01-17_2019-01-17_01_00006.log,290,2019-01-17
2017-12-12,17:41:18.15,0.15,2017-12-12 17:41:18,NA,NA,3E7_0000001D05,NA,NA,NA,RanchoSanCarlos,Biomark,C:\Users\HaleyOhms\Documents\GitHub\AntWrangler\example\RanchoSanCarlos\archive\2019-01-17_2019-01-17_2019-01-17_01_00006.log,293,2019-01-17
2017-12-12,17:41:18.23,0.23,2017-12-12 17:41:18,NA,NA,3E7_0000001D06,NA,NA,NA,RanchoSanCarlos,Biomark,C:\Users\HaleyOhms\Documents\GitHub\AntWrangler\example\RanchoSanCarlos\archive\2019-01-17_2019-01-17_2019-01-17_01_00006.log,296,2019-01-17
2017-12-12,17:41:18.31,0.31,2017-12-12 17:41:18,NA,NA,3E7_0000001D01,NA,NA,NA,RanchoSanCarlos,Biomark,C:\Users\HaleyOhms\Documents\GitHub\AntWrangler\example\RanchoSanCarlos\archive\2019-01-17_2019-01-17_2019-01-17_01_00006.log,299,2019-01-17
2017-12-12,17:41:18.36,0.36,2017-12-12 17:41:18,NA,NA,3E7_0000001D02,NA,NA,NA,RanchoSanCarlos,Biomark,C:\Users\HaleyOhms\Documents\GitHub\AntWrangler\example\RanchoSanCarlos\archive\2019-01-17_2019-01-17_2019-01-17_01_00006.log,301,2019-01-17
2017-12-12,17:41:18.41,0.41,2017-12-12 17:41:18,NA,NA,3E7_0000001D03,NA,NA,NA,RanchoSanCarlos,Biomark,C:\Users\HaleyOhms\Documents\GitHub\AntWrangler\example\RanchoSanCarlos\archive\2019-01-17_2019-01-17_2019-01-17_01_00006.log,305,2019-01-17
2017-12-12,18:41:18.11,0.11,2017-12-12 18:41:18,NA,NA,3E7_0000001D02,NA,NA,NA,RanchoSanCarlos,Biomark,C:\Users\HaleyOhms\Documents\GitHub\AntWrangler\example\RanchoSanCarlos\archive\2019-01-17_2019-01-17_2019-01-17_01_00006.log,390,2019-01-17
2017-12-12,18:41:18.17,0.17,2017-12-12 18:41:18,NA,NA,3E7_0000001D03,NA,NA,NA,RanchoSanCarlos,Biomark,C:\Users\HaleyOhms\Documents\GitHub\AntWrangler\example\RanchoSanCarlos\archive\2019-01-17_2019-01-17_2019-01-17_01_00006.log,393,2019-01-17
2017-12-12,18:41:18.23,0.23,2017-12-12 18:41:18,NA,NA,3E7_0000001D04,NA,NA,NA,RanchoSanCarlos,Biomark,C:\Users\HaleyOhms\Documents\GitHub\AntWrangler\example\RanchoSanCarlos\archive\2019-01-17_2019-01-17_2019-01-17_01_00006.log,396,2019-01-17
2017-12-12,18:41:18.28,0.28,2017-12-12 18:41:18,NA,NA,3E7_0000001D05,NA,NA,NA,RanchoSanCarlos,Biomark,C:\Users\HaleyOhms\Documents\GitHub\AntWrangler\example\RanchoSanCarlos\archive\2019-01-17_2019-01-17_2019-01-17_01_00006.log,399,2019-01-17
2017-12-12,18:41:18.39,0.39,2017-12-12 18:41:18,NA,NA,3E7_0000001D06,NA,NA,NA,RanchoSanCarlos,Biomark,C:\Users\HaleyOhms\Documents\GitHub\AntWrangler\example\RanchoSanCarlos\archive\2019-01-17_2019-01-17_2019-01-17_01_00006.log,401,2019-01-17
2017-12-12,18:41:18.45,0.45,2017-12-12 18:41:18,NA,NA,3E7_0000001D01,NA,NA,NA,RanchoSanCarlos,Biomark,C:\Users\HaleyOhms\Documents\GitHub\AntWrangler\example\RanchoSanCarlos\archive\2019-01-17_2019-01-17_2019-01-17_01_00006.log,405,2019-01-17
2017-12-12,19:41:18.06,0.06,2017-12-12 19:41:18,NA,NA,3E7_0000001D03,NA,NA,NA,RanchoSanCarlos,Biomark,C:\Users\HaleyOhms\Documents\GitHub\AntWrangler\example\RanchoSanCarlos\archive\2019-01-17_2019-01-17_2019-01-17_01_00006.log,562,2019-01-17
2017-12-12,19:41:18.12,0.12,2017-12-12 19:41:18,NA,NA,3E7_0000001D04,NA,NA,NA,RanchoSanCarlos,Biomark,C:\Users\HaleyOhms\Documents\GitHub\AntWrangler\example\RanchoSanCarlos\archive\2019-01-17_2019-01-17_2019-01-17_01_00006.log,565,2019-01-17
2017-12-12,19:41:18.17,0.17,2017-12-12 19:41:18,NA,NA,3E7_0000001D05,NA,NA,NA,RanchoSanCarlos,Biomark,C:\Users\HaleyOhms\Documents\GitHub\AntWrangler\example\RanchoSanCarlos\archive\2019-01-17_2019-01-17_2019-01-17_01_00006.log,568,2019-01-17
2017-12-12,19:41:18.22,0.22,2017-12-12 19:41:18,NA,NA,3E7_0000001D06,NA,NA,NA,RanchoSanCarlos,Biomark,C:\Users\HaleyOhms\Documents\GitHub\AntWrangler\example\RanchoSanCarlos\archive\2019-01-17_2019-01-17_2019-01-17_01_00006.log,571,2019-01-17
2017-12-12,19:41:18.30,0.3,2017-12-12 19:41:18,NA,NA,3E7_0000001D01,NA,NA,NA,RanchoSanCarlos,Biomark,C:\Users\HaleyOhms\Documents\GitHub\AntWrangler\example\RanchoSanCarlos\archive\2019-01-17_2019-01-17_2019-01-17_01_00006.log,573,2019-01-17
2017-12-12,19:41:18.35,0.35,2017-12-12 19:41:18,NA,NA,3E7_0000001D02,NA,NA,NA,RanchoSanCarlos,Biomark,C:\Users\HaleyOhms\Documents\GitHub\AntWrangler\example\RanchoSanCarlos\archive\2019-01-17_2019-01-17_2019-01-17_01_00006.log,577,2019-01-17
2017-12-12,20:41:18.11,0.11,2017-12-12 20:41:18,NA,NA,3E7_0000001D06,NA,NA,NA,RanchoSanCarlos,Biomark,C:\Users\HaleyOhms\Documents\GitHub\AntWrangler\example\RanchoSanCarlos\archive\2019-01-17_2019-01-17_2019-01-17_01_00006.log,713,2019-01-17
2017-12-12,20:41:18.16,0.16,2017-12-12 20:41:18,NA,NA,3E7_0000001D01,NA,NA,NA,RanchoSanCarlos,Biomark,C:\Users\HaleyOhms\Documents\GitHub\AntWrangler\example\RanchoSanCarlos\archive\2019-01-17_2019-01-17_2019-01-17_01_00006.log,716,2019-01-17
2017-12-12,20:41:18.21,0.21,2017-12-12 20:41:18,NA,NA,3E7_0000001D02,NA,NA,NA,RanchoSanCarlos,Biomark,C:\Users\HaleyOhms\Documents\GitHub\AntWrangler\example\RanchoSanCarlos\archive\2019-01-17_2019-01-17_2019-01-17_01_00006.log,719,2019-01-17
2017-12-12,20:41:18.26,0.26,2017-12-12 20:41:18,NA,NA,3E7_0000001D03,NA,NA,NA,RanchoSanCarlos,Biomark,C:\Users\HaleyOhms\Documents\GitHub\AntWrangler\example\RanchoSanCarlos\archive\2019-01-17_2019-01-17_2019-01-17_01_00006.log,721,2019-01-17
2017-12-12,20:41:18.32,0.32,2017-12-12 20:41:18,NA,NA,3E7_0000001D04,NA,NA,NA,RanchoSanCarlos,Biomark,C:\Users\HaleyOhms\Documents\GitHub\AntWrangler\example\RanchoSanCarlos\archive\2019-01-17_2019-01-17_2019-01-17_01_00006.log,725,2019-01-17
2017-12-12,20:41:18.37,0.37,2017-12-12 20:41:18,NA,NA,3E7_0000001D05,NA,NA,NA,RanchoSanCarlos,Biomark,C:\Users\HaleyOhms\Documents\GitHub\AntWrangler\example\RanchoSanCarlos\archive\2019-01-17_2019-01-17_2019-01-17_01_00006.log,728,2019-01-17
2017-12-12,21:41:18.07,0.07,2017-12-12 21:41:18,NA,NA,3E7_0000001D05,NA,NA,NA,RanchoSanCarlos,Biomark,C:\Users\HaleyOhms\Documents\GitHub\AntWrangler\example\RanchoSanCarlos\archive\2019-01-17_2019-01-17_2019-01-17_01_00006.log,863,2019-01-17
2017-12-12,21:41:18.16,0.16,2017-12-12 21:41:18,NA,NA,3E7_0000001D06,NA,NA,NA,RanchoSanCarlos,Biomark,C:\Users\HaleyOhms\Documents\GitHub\AntWrangler\example\RanchoSanCarlos\archive\2019-01-17_2019-01-17_2019-01-17_01_00006.log,866,2019-01-17
2017-12-12,21:41:18.21,0.21,2017-12-12 21:41:18,NA,NA,3E7_0000001D01,NA,NA,NA,RanchoSanCarlos,Biomark,C:\Users\HaleyOhms\Documents\GitHub\AntWrangler\example\RanchoSanCarlos\archive\2019-01-17_2019-01-17_2019-01-17_01_00006.log,869,2019-01-17
2017-12-12,21:41:18.26,0.26,2017-12-12 21:41:18,NA,NA,3E7_0000001D02,NA,NA,NA,RanchoSanCarlos,Biomark,C:\Users\HaleyOhms\Documents\GitHub\AntWrangler\example\RanchoSanCarlos\archive\2019-01-17_2019-01-17_2019-01-17_01_00006.log,871,2019-01-17
2017-12-12,21:41:18.31,0.31,2017-12-12 21:41:18,NA,NA,3E7_0000001D03,NA,NA,NA,RanchoSanCarlos,Biomark,C:\Users\HaleyOhms\Documents\GitHub\AntWrangler\example\RanchoSanCarlos\archive\2019-01-17_2019-01-17_2019-01-17_01_00006.log,875,2019-01-17
2017-12-12,21:41:18.36,0.36,2017-12-12 21:41:18,NA,NA,3E7_0000001D04,NA,NA,NA,RanchoSanCarlos,Biomark,C:\Users\HaleyOhms\Documents\GitHub\AntWrangler\example\RanchoSanCarlos\archive\2019-01-17_2019-01-17_2019-01-17_01_00006.log,878,2019-01-17
2017-12-12,22:41:18.06,0.06,2017-12-12 22:41:18,NA,NA,3E7_0000001D03,NA,NA,NA,RanchoSanCarlos,Biomark,C:\Users\HaleyOhms\Documents\GitHub\AntWrangler\example\RanchoSanCarlos\archive\2019-01-17_2019-01-17_2019-01-17_01_00006.log,1007,2019-01-17
2017-12-12,22:41:18.13,0.13,2017-12-12 22:41:18,NA,NA,3E7_0000001D04,NA,NA,NA,RanchoSanCarlos,Biomark,C:\Users\HaleyOhms\Documents\GitHub\AntWrangler\example\RanchoSanCarlos\archive\2019-01-17_2019-01-17_2019-01-17_01_00006.log,1010,2019-01-17
2017-12-12,22:41:18.18,0.18,2017-12-12 22:41:18,NA,NA,3E7_0000001D05,NA,NA,NA,RanchoSanCarlos,Biomark,C:\Users\HaleyOhms\Documents\GitHub\AntWrangler\example\RanchoSanCarlos\archive\2019-01-17_2019-01-17_2019-01-17_01_00006.log,1013,2019-01-17
2017-12-12,22:41:18.24,0.24,2017-12-12 22:41:18,NA,NA,3E7_0000001D06,NA,NA,NA,RanchoSanCarlos,Biomark,C:\Users\HaleyOhms\Documents\GitHub\AntWrangler\example\RanchoSanCarlos\archive\2019-01-17_2019-01-17_2019-01-17_01_00006.log,1016,2019-01-17
2017-12-12,22:41:18.29,0.29,2017-12-12 22:41:18,NA,NA,3E7_0000001D01,NA,NA,NA,RanchoSanCarlos,Biomark,C:\Users\HaleyOhms\Documents\GitHub\AntWrangler\example\RanchoSanCarlos\archive\2019-01-17_2019-01-17_2019-01-17_01_00006.log,1019,2019-01-17
2017-12-12,22:41:18.35,0.35,2017-12-12 22:41:18,NA,NA,3E7_0000001D02,NA,NA,NA,RanchoSanCarlos,Biomark,C:\Users\HaleyOhms\Documents\GitHub\AntWrangler\example\RanchoSanCarlos\archive\2019-01-17_2019-01-17_2019-01-17_01_00006.log,1022,2019-01-17
2017-12-12,23:41:18.06,0.06,2017-12-12 23:41:18,NA,NA,3E7_0000001D06,NA,NA,NA,RanchoSanCarlos,Biomark,C:\Users\HaleyOhms\Documents\GitHub\AntWrangler\example\RanchoSanCarlos\archive\2019-01-17_2019-01-17_2019-01-17_01_00006.log,1185,2019-01-17
2017-12-12,23:41:18.12,0.12,2017-12-12 23:41:18,NA,NA,3E7_0000001D01,NA,NA,NA,RanchoSanCarlos,Biomark,C:\Users\HaleyOhms\Documents\GitHub\AntWrangler\example\RanchoSanCarlos\archive\2019-01-17_2019-01-17_2019-01-17_01_00006.log,1188,2019-01-17
2017-12-12,23:41:18.17,0.17,2017-12-12 23:41:18,NA,NA,3E7_0000001D02,NA,NA,NA,RanchoSanCarlos,Biomark,C:\Users\HaleyOhms\Documents\GitHub\AntWrangler\example\RanchoSanCarlos\archive\2019-01-17_2019-01-17_2019-01-17_01_00006.log,1191,2019-01-17
2017-12-12,23:41:18.25,0.25,2017-12-12 23:41:18,NA,NA,3E7_0000001D03,NA,NA,NA,RanchoSanCarlos,Biomark,C:\Users\HaleyOhms\Documents\GitHub\AntWrangler\example\RanchoSanCarlos\archive\2019-01-17_2019-01-17_2019-01-17_01_00006.log,1194,2019-01-17
2017-12-12,23:41:18.30,0.3,2017-12-12 23:41:18,NA,NA,3E7_0000001D04,NA,NA,NA,RanchoSanCarlos,Biomark,C:\Users\HaleyOhms\Documents\GitHub\AntWrangler\example\RanchoSanCarlos\archive\2019-01-17_2019-01-17_2019-01-17_01_00006.log,1197,2019-01-17
2017-12-12,23:41:18.35,0.35,2017-12-12 23:41:18,NA,NA,3E7_0000001D05,NA,NA,NA,RanchoSanCarlos,Biomark,C:\Users\HaleyOhms\Documents\GitHub\AntWrangler\example\RanchoSanCarlos\archive\2019-01-17_2019-01-17_2019-01-17_01_00006.log,1199,2019-01-17
2017-12-13,00:41:18.07,0.07,2017-12-13 00:41:18,NA,NA,3E7_0000001D04,NA,NA,NA,RanchoSanCarlos,Biomark,C:\Users\HaleyOhms\Documents\GitHub\AntWrangler\example\RanchoSanCarlos\archive\2019-01-17_2019-01-17_2019-01-17_01_00006.log,1253,2019-01-17
2017-12-13,00:41:18.12,0.12,2017-12-13 00:41:18,NA,NA,3E7_0000001D05,NA,NA,NA,RanchoSanCarlos,Biomark,C:\Users\HaleyOhms\Documents\GitHub\AntWrangler\example\RanchoSanCarlos\archive\2019-01-17_2019-01-17_2019-01-17_01_00006.log,1256,2019-01-17
2017-12-13,00:41:18.21,0.21,2017-12-13 00:41:18,NA,NA,3E7_0000001D06,NA,NA,NA,RanchoSanCarlos,Biomark,C:\Users\HaleyOhms\Documents\GitHub\AntWrangler\example\RanchoSanCarlos\archive\2019-01-17_2019-01-17_2019-01-17_01_00006.log,1258,2019-01-17
2017-12-13,00:41:18.29,0.29,2017-12-13 00:41:18,NA,NA,3E7_0000001D01,NA,NA,NA,RanchoSanCarlos,Biomark,C:\Users\HaleyOhms\Documents\GitHub\AntWrangler\example\RanchoSanCarlos\archive\2019-01-17_2019-01-17_2019-01-17_01_00006.log,1262,2019-01-17
2017-12-13,00:41:18.34,0.34,2017-12-13 00:41:18,NA,NA,3E7_0000001D02,NA,NA,NA,RanchoSanCarlos,Biomark,C:\Users\HaleyOhms\Documents\GitHub\AntWrangler\example\RanchoSanCarlos\archive\2019-01-17_2019-01-17_2019-01-17_01_00006.log,1265,2019-01-17
2017-12-13,00:41:18.39,0.39,2017-12-13 00:41:18,NA,NA,3E7_0000001D03,NA,NA,NA,RanchoSanCarlos,Biomark,C:\Users\HaleyOhms\Documents\GitHub\AntWrangler\example\RanchoSanCarlos\archive\2019-01-17_2019-01-17_2019-01-17_01_00006.log,1268,2019-01-17
2017-12-13,00:41:18.70,0.7,2017-12-13 00:41:18,NA,NA,3E7_0000001D03,NA,NA,NA,RanchoSanCarlos,Biomark,C:\Users\HaleyOhms\Documents\GitHub\AntWrangler\example\RanchoSanCarlos\archive\2019-01-17_2019-01-17_2019-01-17_01_00006.log,1269,2019-01-17
2017-12-13,01:41:18.05,0.05,2017-12-13 01:41:18,NA,NA,3E7_0000001D05,NA,NA,NA,RanchoSanCarlos,Biomark,C:\Users\HaleyOhms\Documents\GitHub\AntWrangler\example\RanchoSanCarlos\archive\2019-01-17_2019-01-17_2019-01-17_01_00006.log,1304,2019-01-17
2017-12-13,01:41:18.11,0.11,2017-12-13 01:41:18,NA,NA,3E7_0000001D06,NA,NA,NA,RanchoSanCarlos,Biomark,C:\Users\HaleyOhms\Documents\GitHub\AntWrangler\example\RanchoSanCarlos\archive\2019-01-17_2019-01-17_2019-01-17_01_00006.log,1307,2019-01-17
2017-12-13,01:41:18.16,0.16,2017-12-13 01:41:18,NA,NA,3E7_0000001D01,NA,NA,NA,RanchoSanCarlos,Biomark,C:\Users\HaleyOhms\Documents\GitHub\AntWrangler\example\RanchoSanCarlos\archive\2019-01-17_2019-01-17_2019-01-17_01_00006.log,1310,2019-01-17
2017-12-13,01:41:18.21,0.21,2017-12-13 01:41:18,NA,NA,3E7_0000001D02,NA,NA,NA,RanchoSanCarlos,Biomark,C:\Users\HaleyOhms\Documents\GitHub\AntWrangler\example\RanchoSanCarlos\archive\2019-01-17_2019-01-17_2019-01-17_01_00006.log,1312,2019-01-17
2017-12-13,01:41:18.27,0.27,2017-12-13 01:41:18,NA,NA,3E7_0000001D03,NA,NA,NA,RanchoSanCarlos,Biomark,C:\Users\HaleyOhms\Documents\GitHub\AntWrangler\example\RanchoSanCarlos\archive\2019-01-17_2019-01-17_2019-01-17_01_00006.log,1316,2019-01-17
2017-12-13,01:41:18.32,0.32,2017-12-13 01:41:18,NA,NA,3E7_0000001D04,NA,NA,NA,RanchoSanCarlos,Biomark,C:\Users\HaleyOhms\Documents\GitHub\AntWrangler\example\RanchoSanCarlos\archive\2019-01-17_2019-01-17_2019-01-17_01_00006.log,1318,2019-01-17
2017-12-13,02:41:18.10,0.1,2017-12-13 02:41:18,NA,NA,3E7_0000001D04,NA,NA,NA,RanchoSanCarlos,Biomark,C:\Users\HaleyOhms\Documents\GitHub\AntWrangler\example\RanchoSanCarlos\archive\2019-01-17_2019-01-17_2019-01-17_01_00006.log,1356,2019-01-17
2017-12-13,02:41:18.15,0.15,2017-12-13 02:41:18,NA,NA,3E7_0000001D05,NA,NA,NA,RanchoSanCarlos,Biomark,C:\Users\HaleyOhms\Documents\GitHub\AntWrangler\example\RanchoSanCarlos\archive\2019-01-17_2019-01-17_2019-01-17_01_00006.log,1360,2019-01-17
2017-12-13,02:41:18.23,0.23,2017-12-13 02:41:18,NA,NA,3E7_0000001D06,NA,NA,NA,RanchoSanCarlos,Biomark,C:\Users\HaleyOhms\Documents\GitHub\AntWrangler\example\RanchoSanCarlos\archive\2019-01-17_2019-01-17_2019-01-17_01_00006.log,1362,2019-01-17
2017-12-13,02:41:18.28,0.28,2017-12-13 02:41:18,NA,NA,3E7_0000001D01,NA,NA,NA,RanchoSanCarlos,Biomark,C:\Users\HaleyOhms\Documents\GitHub\AntWrangler\example\RanchoSanCarlos\archive\2019-01-17_2019-01-17_2019-01-17_01_00006.log,1366,2019-01-17
2017-12-13,02:41:18.33,0.33,2017-12-13 02:41:18,NA,NA,3E7_0000001D02,NA,NA,NA,RanchoSanCarlos,Biomark,C:\Users\HaleyOhms\Documents\GitHub\AntWrangler\example\RanchoSanCarlos\archive\2019-01-17_2019-01-17_2019-01-17_01_00006.log,1368,2019-01-17
2017-12-13,02:41:18.39,0.39,2017-12-13 02:41:18,NA,NA,3E7_0000001D03,NA,NA,NA,RanchoSanCarlos,Biomark,C:\Users\HaleyOhms\Documents\GitHub\AntWrangler\example\RanchoSanCarlos\archive\2019-01-17_2019-01-17_2019-01-17_01_00006.log,1372,2019-01-17
2017-12-13,02:41:18.47,0.47,2017-12-13 02:41:18,NA,NA,3E7_0000001D05,NA,NA,NA,RanchoSanCarlos,Biomark,C:\Users\HaleyOhms\Documents\GitHub\AntWrangler\example\RanchoSanCarlos\archive\2019-01-17_2019-01-17_2019-01-17_01_00006.log,1373,2019-01-17
2017-12-13,02:41:18.59,0.59,2017-12-13 02:41:18,NA,NA,3E7_0000001D01,NA,NA,NA,RanchoSanCarlos,Biomark,C:\Users\HaleyOhms\Documents\GitHub\AntWrangler\example\RanchoSanCarlos\archive\2019-01-17_2019-01-17_2019-01-17_01_00006.log,1374,2019-01-17
2017-12-13,03:41:18.09,0.09,2017-12-13 03:41:18,NA,NA,3E7_0000001D02,NA,NA,NA,RanchoSanCarlos,Biomark,C:\Users\HaleyOhms\Documents\GitHub\AntWrangler\example\RanchoSanCarlos\archive\2019-01-17_2019-01-17_2019-01-17_01_00006.log,1446,2019-01-17
2017-12-13,03:41:18.14,0.14,2017-12-13 03:41:18,NA,NA,3E7_0000001D03,NA,NA,NA,RanchoSanCarlos,Biomark,C:\Users\HaleyOhms\Documents\GitHub\AntWrangler\example\RanchoSanCarlos\archive\2019-01-17_2019-01-17_2019-01-17_01_00006.log,1449,2019-01-17
2017-12-13,03:41:18.19,0.19,2017-12-13 03:41:18,NA,NA,3E7_0000001D04,NA,NA,NA,RanchoSanCarlos,Biomark,C:\Users\HaleyOhms\Documents\GitHub\AntWrangler\example\RanchoSanCarlos\archive\2019-01-17_2019-01-17_2019-01-17_01_00006.log,1452,2019-01-17
2017-12-13,03:41:18.25,0.25,2017-12-13 03:41:18,NA,NA,3E7_0000001D05,NA,NA,NA,RanchoSanCarlos,Biomark,C:\Users\HaleyOhms\Documents\GitHub\AntWrangler\example\RanchoSanCarlos\archive\2019-01-17_2019-01-17_2019-01-17_01_00006.log,1455,2019-01-17
2017-12-13,03:41:18.30,0.3,2017-12-13 03:41:18,NA,NA,3E7_0000001D06,NA,NA,NA,RanchoSanCarlos,Biomark,C:\Users\HaleyOhms\Documents\GitHub\AntWrangler\example\RanchoSanCarlos\archive\2019-01-17_2019-01-17_2019-01-17_01_00006.log,1458,2019-01-17
2017-12-13,03:41:18.37,0.37,2017-12-13 03:41:18,NA,NA,3E7_0000001D01,NA,NA,NA,RanchoSanCarlos,Biomark,C:\Users\HaleyOhms\Documents\GitHub\AntWrangler\example\RanchoSanCarlos\archive\2019-01-17_2019-01-17_2019-01-17_01_00006.log,1461,2019-01-17
2017-12-13,04:41:18.08,0.08,2017-12-13 04:41:18,NA,NA,3E7_0000001D01,NA,NA,NA,RanchoSanCarlos,Biomark,C:\Users\HaleyOhms\Documents\GitHub\AntWrangler\example\RanchoSanCarlos\archive\2019-01-17_2019-01-17_2019-01-17_01_00006.log,1536,2019-01-17
2017-12-13,04:41:18.14,0.14,2017-12-13 04:41:18,NA,NA,3E7_0000001D02,NA,NA,NA,RanchoSanCarlos,Biomark,C:\Users\HaleyOhms\Documents\GitHub\AntWrangler\example\RanchoSanCarlos\archive\2019-01-17_2019-01-17_2019-01-17_01_00006.log,1539,2019-01-17
2017-12-13,04:41:18.21,0.21,2017-12-13 04:41:18,NA,NA,3E7_0000001D03,NA,NA,NA,RanchoSanCarlos,Biomark,C:\Users\HaleyOhms\Documents\GitHub\AntWrangler\example\RanchoSanCarlos\archive\2019-01-17_2019-01-17_2019-01-17_01_00006.log,1542,2019-01-17
2017-12-13,04:41:18.29,0.29,2017-12-13 04:41:18,NA,NA,3E7_0000001D04,NA,NA,NA,RanchoSanCarlos,Biomark,C:\Users\HaleyOhms\Documents\GitHub\AntWrangler\example\RanchoSanCarlos\archive\2019-01-17_2019-01-17_2019-01-17_01_00006.log,1545,2019-01-17
2017-12-13,04:41:18.34,0.34,2017-12-13 04:41:18,NA,NA,3E7_0000001D05,NA,NA,NA,RanchoSanCarlos,Biomark,C:\Users\HaleyOhms\Documents\GitHub\AntWrangler\example\RanchoSanCarlos\archive\2019-01-17_2019-01-17_2019-01-17_01_00006.log,1548,2019-01-17
2017-12-13,04:41:18.39,0.39,2017-12-13 04:41:18,NA,NA,3E7_0000001D06,NA,NA,NA,RanchoSanCarlos,Biomark,C:\Users\HaleyOhms\Documents\GitHub\AntWrangler\example\RanchoSanCarlos\archive\2019-01-17_2019-01-17_2019-01-17_01_00006.log,1551,2019-01-17
2017-12-13,05:41:18.09,0.09,2017-12-13 05:41:18,NA,NA,3E7_0000001D04,NA,NA,NA,RanchoSanCarlos,Biomark,C:\Users\HaleyOhms\Documents\GitHub\AntWrangler\example\RanchoSanCarlos\archive\2019-01-17_2019-01-17_2019-01-17_01_00006.log,1637,2019-01-17
2017-12-13,05:41:18.14,0.14,2017-12-13 05:41:18,NA,NA,3E7_0000001D05,NA,NA,NA,RanchoSanCarlos,Biomark,C:\Users\HaleyOhms\Documents\GitHub\AntWrangler\example\RanchoSanCarlos\archive\2019-01-17_2019-01-17_2019-01-17_01_00006.log,1639,2019-01-17
2017-12-13,05:41:18.25,0.25,2017-12-13 05:41:18,NA,NA,3E7_0000001D06,NA,NA,NA,RanchoSanCarlos,Biomark,C:\Users\HaleyOhms\Documents\GitHub\AntWrangler\example\RanchoSanCarlos\archive\2019-01-17_2019-01-17_2019-01-17_01_00006.log,1643,2019-01-17
2017-12-13,05:41:18.35,0.35,2017-12-13 05:41:18,NA,NA,3E7_0000001D02,NA,NA,NA,RanchoSanCarlos,Biomark,C:\Users\HaleyOhms\Documents\GitHub\AntWrangler\example\RanchoSanCarlos\archive\2019-01-17_2019-01-17_2019-01-17_01_00006.log,1647,2019-01-17
2017-12-13,05:41:18.40,0.4,2017-12-13 05:41:18,NA,NA,3E7_0000001D03,NA,NA,NA,RanchoSanCarlos,Biomark,C:\Users\HaleyOhms\Documents\GitHub\AntWrangler\example\RanchoSanCarlos\archive\2019-01-17_2019-01-17_2019-01-17_01_00006.log,1649,2019-01-17
2017-12-13,06:41:18.10,0.1,2017-12-13 06:41:18,NA,NA,3E7_0000001D01,NA,NA,NA,RanchoSanCarlos,Biomark,C:\Users\HaleyOhms\Documents\GitHub\AntWrangler\example\RanchoSanCarlos\archive\2019-01-17_2019-01-17_2019-01-17_01_00006.log,1758,2019-01-17
2017-12-13,06:41:18.15,0.15,2017-12-13 06:41:18,NA,NA,3E7_0000001D02,NA,NA,NA,RanchoSanCarlos,Biomark,C:\Users\HaleyOhms\Documents\GitHub\AntWrangler\example\RanchoSanCarlos\archive\2019-01-17_2019-01-17_2019-01-17_01_00006.log,1761,2019-01-17
2017-12-13,06:41:18.20,0.2,2017-12-13 06:41:18,NA,NA,3E7_0000001D03,NA,NA,NA,RanchoSanCarlos,Biomark,C:\Users\HaleyOhms\Documents\GitHub\AntWrangler\example\RanchoSanCarlos\archive\2019-01-17_2019-01-17_2019-01-17_01_00006.log,1764,2019-01-17
2017-12-13,06:41:18.26,0.26,2017-12-13 06:41:18,NA,NA,3E7_0000001D04,NA,NA,NA,RanchoSanCarlos,Biomark,C:\Users\HaleyOhms\Documents\GitHub\AntWrangler\example\RanchoSanCarlos\archive\2019-01-17_2019-01-17_2019-01-17_01_00006.log,1767,2019-01-17
2017-12-13,06:41:18.31,0.31,2017-12-13 06:41:18,NA,NA,3E7_0000001D05,NA,NA,NA,RanchoSanCarlos,Biomark,C:\Users\HaleyOhms\Documents\GitHub\AntWrangler\example\RanchoSanCarlos\archive\2019-01-17_2019-01-17_2019-01-17_01_00006.log,1770,2019-01-17
2017-12-13,06:41:18.39,0.39,2017-12-13 06:41:18,NA,NA,3E7_0000001D06,NA,NA,NA,RanchoSanCarlos,Biomark,C:\Users\HaleyOhms\Documents\GitHub\AntWrangler\example\RanchoSanCarlos\archive\2019-01-17_2019-01-17_2019-01-17_01_00006.log,1773,2019-01-17
2017-12-13,07:41:18.13,0.13,2017-12-13 07:41:18,NA,NA,3E7_0000001D06,NA,NA,NA,RanchoSanCarlos,Biomark,C:\Users\HaleyOhms\Documents\GitHub\AntWrangler\example\RanchoSanCarlos\archive\2019-01-17_2019-01-17_2019-01-17_01_00006.log,1880,2019-01-17
2017-12-13,07:41:18.21,0.21,2017-12-13 07:41:18,NA,NA,3E7_0000001D01,NA,NA,NA,RanchoSanCarlos,Biomark,C:\Users\HaleyOhms\Documents\GitHub\AntWrangler\example\RanchoSanCarlos\archive\2019-01-17_2019-01-17_2019-01-17_01_00006.log,1883,2019-01-17
2017-12-13,07:41:18.26,0.26,2017-12-13 07:41:18,NA,NA,3E7_0000001D02,NA,NA,NA,RanchoSanCarlos,Biomark,C:\Users\HaleyOhms\Documents\GitHub\AntWrangler\example\RanchoSanCarlos\archive\2019-01-17_2019-01-17_2019-01-17_01_00006.log,1886,2019-01-17
2017-12-13,07:41:18.32,0.32,2017-12-13 07:41:18,NA,NA,3E7_0000001D03,NA,NA,NA,RanchoSanCarlos,Biomark,C:\Users\HaleyOhms\Documents\GitHub\AntWrangler\example\RanchoSanCarlos\archive\2019-01-17_2019-01-17_2019-01-17_01_00006.log,1889,2019-01-17
2017-12-13,07:41:18.37,0.37,2017-12-13 07:41:18,NA,NA,3E7_0000001D04,NA,NA,NA,RanchoSanCarlos,Biomark,C:\Users\HaleyOhms\Documents\GitHub\AntWrangler\example\RanchoSanCarlos\archive\2019-01-17_2019-01-17_2019-01-17_01_00006.log,1892,2019-01-17
2017-12-13,07:41:18.43,0.43,2017-12-13 07:41:18,NA,NA,3E7_0000001D05,NA,NA,NA,RanchoSanCarlos,Biomark,C:\Users\HaleyOhms\Documents\GitHub\AntWrangler\example\RanchoSanCarlos\archive\2019-01-17_2019-01-17_2019-01-17_01_00006.log,1895,2019-01-17
2017-12-13,07:41:18.72,0.72,2017-12-13 07:41:18,NA,NA,3E7_0000001D05,NA,NA,NA,RanchoSanCarlos,Biomark,C:\Users\HaleyOhms\Documents\GitHub\AntWrangler\example\RanchoSanCarlos\archive\2019-01-17_2019-01-17_2019-01-17_01_00006.log,1896,2019-01-17
2017-12-13,08:41:18.06,0.06,2017-12-13 08:41:18,NA,NA,3E7_0000001D02,NA,NA,NA,RanchoSanCarlos,Biomark,C:\Users\HaleyOhms\Documents\GitHub\AntWrangler\example\RanchoSanCarlos\archive\2019-01-17_2019-01-17_2019-01-17_01_00006.log,1950,2019-01-17
2017-12-13,08:41:18.18,0.18,2017-12-13 08:41:18,NA,NA,3E7_0000001D03,NA,NA,NA,RanchoSanCarlos,Biomark,C:\Users\HaleyOhms\Documents\GitHub\AntWrangler\example\RanchoSanCarlos\archive\2019-01-17_2019-01-17_2019-01-17_01_00006.log,1953,2019-01-17
2017-12-13,08:41:18.23,0.23,2017-12-13 08:41:18,NA,NA,3E7_0000001D04,NA,NA,NA,RanchoSanCarlos,Biomark,C:\Users\HaleyOhms\Documents\GitHub\AntWrangler\example\RanchoSanCarlos\archive\2019-01-17_2019-01-17_2019-01-17_01_00006.log,1956,2019-01-17
2017-12-13,08:41:18.28,0.28,2017-12-13 08:41:18,NA,NA,3E7_0000001D05,NA,NA,NA,RanchoSanCarlos,Biomark,C:\Users\HaleyOhms\Documents\GitHub\AntWrangler\example\RanchoSanCarlos\archive\2019-01-17_2019-01-17_2019-01-17_01_00006.log,1959,2019-01-17
2017-12-13,08:41:18.33,0.33,2017-12-13 08:41:18,NA,NA,3E7_0000001D06,NA,NA,NA,RanchoSanCarlos,Biomark,C:\Users\HaleyOhms\Documents\GitHub\AntWrangler\example\RanchoSanCarlos\archive\2019-01-17_2019-01-17_2019-01-17_01_00006.log,1962,2019-01-17
2017-12-13,08:41:18.38,0.38,2017-12-13 08:41:18,NA,NA,3E7_0000001D01,NA,NA,NA,RanchoSanCarlos,Biomark,C:\Users\HaleyOhms\Documents\GitHub\AntWrangler\example\RanchoSanCarlos\archive\2019-01-17_2019-01-17_2019-01-17_01_00006.log,1965,2019-01-17
2017-12-13,08:41:18.69,0.69,2017-12-13 08:41:18,NA,NA,3E7_0000001D01,NA,NA,NA,RanchoSanCarlos,Biomark,C:\Users\HaleyOhms\Documents\GitHub\AntWrangler\example\RanchoSanCarlos\archive\2019-01-17_2019-01-17_2019-01-17_01_00006.log,1966,2019-01-17
2017-12-13,09:41:18.08,0.08,2017-12-13 09:41:18,NA,NA,3E7_0000001D05,NA,NA,NA,RanchoSanCarlos,Biomark,C:\Users\HaleyOhms\Documents\GitHub\AntWrangler\example\RanchoSanCarlos\archive\2019-01-17_2019-01-17_2019-01-17_01_00006.log,2006,2019-01-17
2017-12-13,09:41:18.14,0.14,2017-12-13 09:41:18,NA,NA,3E7_0000001D06,NA,NA,NA,RanchoSanCarlos,Biomark,C:\Users\HaleyOhms\Documents\GitHub\AntWrangler\example\RanchoSanCarlos\archive\2019-01-17_2019-01-17_2019-01-17_01_00006.log,2010,2019-01-17
2017-12-13,09:41:18.19,0.19,2017-12-13 09:41:18,NA,NA,3E7_0000001D01,NA,NA,NA,RanchoSanCarlos,Biomark,C:\Users\HaleyOhms\Documents\GitHub\AntWrangler\example\RanchoSanCarlos\archive\2019-01-17_2019-01-17_2019-01-17_01_00006.log,2013,2019-01-17
2017-12-13,09:41:18.24,0.24,2017-12-13 09:41:18,NA,NA,3E7_0000001D02,NA,NA,NA,RanchoSanCarlos,Biomark,C:\Users\HaleyOhms\Documents\GitHub\AntWrangler\example\RanchoSanCarlos\archive\2019-01-17_2019-01-17_2019-01-17_01_00006.log,2015,2019-01-17
2017-12-13,09:41:18.33,0.33,2017-12-13 09:41:18,NA,NA,3E7_0000001D03,NA,NA,NA,RanchoSanCarlos,Biomark,C:\Users\HaleyOhms\Documents\GitHub\AntWrangler\example\RanchoSanCarlos\archive\2019-01-17_2019-01-17_2019-01-17_01_00006.log,2019,2019-01-17
2017-12-13,09:41:18.40,0.4,2017-12-13 09:41:18,NA,NA,3E7_0000001D04,NA,NA,NA,RanchoSanCarlos,Biomark,C:\Users\HaleyOhms\Documents\GitHub\AntWrangler\example\RanchoSanCarlos\archive\2019-01-17_2019-01-17_2019-01-17_01_00006.log,2022,2019-01-17
2017-12-13,10:41:18.08,0.08,2017-12-13 10:41:18,NA,NA,3E7_0000001D05,NA,NA,NA,RanchoSanCarlos,Biomark,C:\Users\HaleyOhms\Documents\GitHub\AntWrangler\example\RanchoSanCarlos\archive\2019-01-17_2019-01-17_2019-01-17_01_00006.log,2135,2019-01-17
2017-12-13,10:41:18.13,0.13,2017-12-13 10:41:18,NA,NA,3E7_0000001D06,NA,NA,NA,RanchoSanCarlos,Biomark,C:\Users\HaleyOhms\Documents\GitHub\AntWrangler\example\RanchoSanCarlos\archive\2019-01-17_2019-01-17_2019-01-17_01_00006.log,2138,2019-01-17
2017-12-13,10:41:18.19,0.19,2017-12-13 10:41:18,NA,NA,3E7_0000001D01,NA,NA,NA,RanchoSanCarlos,Biomark,C:\Users\HaleyOhms\Documents\GitHub\AntWrangler\example\RanchoSanCarlos\archive\2019-01-17_2019-01-17_2019-01-17_01_00006.log,2141,2019-01-17
2017-12-13,10:41:18.24,0.24,2017-12-13 10:41:18,NA,NA,3E7_0000001D02,NA,NA,NA,RanchoSanCarlos,Biomark,C:\Users\HaleyOhms\Documents\GitHub\AntWrangler\example\RanchoSanCarlos\archive\2019-01-17_2019-01-17_2019-01-17_01_00006.log,2144,2019-01-17
2017-12-13,10:41:18.30,0.3,2017-12-13 10:41:18,NA,NA,3E7_0000001D03,NA,NA,NA,RanchoSanCarlos,Biomark,C:\Users\HaleyOhms\Documents\GitHub\AntWrangler\example\RanchoSanCarlos\archive\2019-01-17_2019-01-17_2019-01-17_01_00006.log,2147,2019-01-17
2017-12-13,10:41:18.42,0.42,2017-12-13 10:41:18,NA,NA,3E7_0000001D04,NA,NA,NA,RanchoSanCarlos,Biomark,C:\Users\HaleyOhms\Documents\GitHub\AntWrangler\example\RanchoSanCarlos\archive\2019-01-17_2019-01-17_2019-01-17_01_00006.log,2150,2019-01-17
2017-12-13,10:41:18.66,0.66,2017-12-13 10:41:18,NA,NA,3E7_0000001D03,NA,NA,NA,RanchoSanCarlos,Biomark,C:\Users\HaleyOhms\Documents\GitHub\AntWrangler\example\RanchoSanCarlos\archive\2019-01-17_2019-01-17_2019-01-17_01_00006.log,2151,2019-01-17
2017-12-13,11:41:18.07,0.07,2017-12-13 11:41:18,NA,NA,3E7_0000001D05,NA,NA,NA,RanchoSanCarlos,Biomark,C:\Users\HaleyOhms\Documents\GitHub\AntWrangler\example\RanchoSanCarlos\archive\2019-01-17_2019-01-17_2019-01-17_01_00006.log,2311,2019-01-17
2017-12-13,11:41:18.18,0.18,2017-12-13 11:41:18,NA,NA,3E7_0000001D06,NA,NA,NA,RanchoSanCarlos,Biomark,C:\Users\HaleyOhms\Documents\GitHub\AntWrangler\example\RanchoSanCarlos\archive\2019-01-17_2019-01-17_2019-01-17_01_00006.log,2314,2019-01-17
2017-12-13,11:41:18.26,0.26,2017-12-13 11:41:18,NA,NA,3E7_0000001D01,NA,NA,NA,RanchoSanCarlos,Biomark,C:\Users\HaleyOhms\Documents\GitHub\AntWrangler\example\RanchoSanCarlos\archive\2019-01-17_2019-01-17_2019-01-17_01_00006.log,2317,2019-01-17
2017-12-13,11:41:18.31,0.31,2017-12-13 11:41:18,NA,NA,3E7_0000001D02,NA,NA,NA,RanchoSanCarlos,Biomark,C:\Users\HaleyOhms\Documents\GitHub\AntWrangler\example\RanchoSanCarlos\archive\2019-01-17_2019-01-17_2019-01-17_01_00006.log,2320,2019-01-17
2017-12-13,11:41:18.36,0.36,2017-12-13 11:41:18,NA,NA,3E7_0000001D03,NA,NA,NA,RanchoSanCarlos,Biomark,C:\Users\HaleyOhms\Documents\GitHub\AntWrangler\example\RanchoSanCarlos\archive\2019-01-17_2019-01-17_2019-01-17_01_00006.log,2323,2019-01-17
2017-12-13,11:41:18.42,0.42,2017-12-13 11:41:18,NA,NA,3E7_0000001D04,NA,NA,NA,RanchoSanCarlos,Biomark,C:\Users\HaleyOhms\Documents\GitHub\AntWrangler\example\RanchoSanCarlos\archive\2019-01-17_2019-01-17_2019-01-17_01_00006.log,2326,2019-01-17
2017-12-13,12:41:18.10,0.1,2017-12-13 12:41:18,NA,NA,3E7_0000001D02,NA,NA,NA,RanchoSanCarlos,Biomark,C:\Users\HaleyOhms\Documents\GitHub\AntWrangler\example\RanchoSanCarlos\archive\2019-01-17_2019-01-17_2019-01-17_01_00006.log,2454,2019-01-17
2017-12-13,12:41:18.17,0.17,2017-12-13 12:41:18,NA,NA,3E7_0000001D03,NA,NA,NA,RanchoSanCarlos,Biomark,C:\Users\HaleyOhms\Documents\GitHub\AntWrangler\example\RanchoSanCarlos\archive\2019-01-17_2019-01-17_2019-01-17_01_00006.log,2456,2019-01-17
2017-12-13,12:41:18.23,0.23,2017-12-13 12:41:18,NA,NA,3E7_0000001D04,NA,NA,NA,RanchoSanCarlos,Biomark,C:\Users\HaleyOhms\Documents\GitHub\AntWrangler\example\RanchoSanCarlos\archive\2019-01-17_2019-01-17_2019-01-17_01_00006.log,2460,2019-01-17
2017-12-13,12:41:18.28,0.28,2017-12-13 12:41:18,NA,NA,3E7_0000001D05,NA,NA,NA,RanchoSanCarlos,Biomark,C:\Users\HaleyOhms\Documents\GitHub\AntWrangler\example\RanchoSanCarlos\archive\2019-01-17_2019-01-17_2019-01-17_01_00006.log,2463,2019-01-17
2017-12-13,12:41:18.33,0.33,2017-12-13 12:41:18,NA,NA,3E7_0000001D06,NA,NA,NA,RanchoSanCarlos,Biomark,C:\Users\HaleyOhms\Documents\GitHub\AntWrangler\example\RanchoSanCarlos\archive\2019-01-17_2019-01-17_2019-01-17_01_00006.log,2465,2019-01-17
2017-12-13,12:41:18.43,0.43,2017-12-13 12:41:18,NA,NA,3E7_0000001D01,NA,NA,NA,RanchoSanCarlos,Biomark,C:\Users\HaleyOhms\Documents\GitHub\AntWrangler\example\RanchoSanCarlos\archive\2019-01-17_2019-01-17_2019-01-17_01_00006.log,2469,2019-01-17
2017-12-12,13:41:18.08,0.08,2017-12-12 13:41:18,NA,NA,3E7_0000001D05,NA,NA,NA,RanchoSanCarlos,Biomark,C:\Users\HaleyOhms\Documents\GitHub\AntWrangler\example\RanchoSanCarlos\archive\2019-01-17_2019-01-17_2019-01-17_01_00006.txt,5,2019-01-17
2017-12-12,13:41:18.14,0.14,2017-12-12 13:41:18,NA,NA,3E7_0000001D06,NA,NA,NA,RanchoSanCarlos,Biomark,C:\Users\HaleyOhms\Documents\GitHub\AntWrangler\example\RanchoSanCarlos\archive\2019-01-17_2019-01-17_2019-01-17_01_00006.txt,8,2019-01-17
2017-12-12,13:41:18.20,0.2,2017-12-12 13:41:18,NA,NA,3E7_0000001D01,NA,NA,NA,RanchoSanCarlos,Biomark,C:\Users\HaleyOhms\Documents\GitHub\AntWrangler\example\RanchoSanCarlos\archive\2019-01-17_2019-01-17_2019-01-17_01_00006.txt,11,2019-01-17
2017-12-12,13:41:18.25,0.25,2017-12-12 13:41:18,NA,NA,3E7_0000001D02,NA,NA,NA,RanchoSanCarlos,Biomark,C:\Users\HaleyOhms\Documents\GitHub\AntWrangler\example\RanchoSanCarlos\archive\2019-01-17_2019-01-17_2019-01-17_01_00006.txt,13,2019-01-17
2017-12-12,13:41:18.35,0.35,2017-12-12 13:41:18,NA,NA,3E7_0000001D03,NA,NA,NA,RanchoSanCarlos,Biomark,C:\Users\HaleyOhms\Documents\GitHub\AntWrangler\example\RanchoSanCarlos\archive\2019-01-17_2019-01-17_2019-01-17_01_00006.txt,16,2019-01-17
2017-12-12,13:41:18.41,0.41,2017-12-12 13:41:18,NA,NA,3E7_0000001D04,NA,NA,NA,RanchoSanCarlos,Biomark,C:\Users\HaleyOhms\Documents\GitHub\AntWrangler\example\RanchoSanCarlos\archive\2019-01-17_2019-01-17_2019-01-17_01_00006.txt,20,2019-01-17
2017-12-12,14:41:18.09,0.09,2017-12-12 14:41:18,NA,NA,3E7_0000001D06,NA,NA,NA,RanchoSanCarlos,Biomark,C:\Users\HaleyOhms\Documents\GitHub\AntWrangler\example\RanchoSanCarlos\archive\2019-01-17_2019-01-17_2019-01-17_01_00006.txt,55,2019-01-17
2017-12-12,14:41:18.15,0.15,2017-12-12 14:41:18,NA,NA,3E7_0000001D01,NA,NA,NA,RanchoSanCarlos,Biomark,C:\Users\HaleyOhms\Documents\GitHub\AntWrangler\example\RanchoSanCarlos\archive\2019-01-17_2019-01-17_2019-01-17_01_00006.txt,58,2019-01-17
2017-12-12,14:41:18.20,0.2,2017-12-12 14:41:18,NA,NA,3E7_0000001D02,NA,NA,NA,RanchoSanCarlos,Biomark,C:\Users\HaleyOhms\Documents\GitHub\AntWrangler\example\RanchoSanCarlos\archive\2019-01-17_2019-01-17_2019-01-17_01_00006.txt,61,2019-01-17
2017-12-12,14:41:18.41,0.41,2017-12-12 14:41:18,NA,NA,3E7_0000001D04,NA,NA,NA,RanchoSanCarlos,Biomark,C:\Users\HaleyOhms\Documents\GitHub\AntWrangler\example\RanchoSanCarlos\archive\2019-01-17_2019-01-17_2019-01-17_01_00006.txt,66,2019-01-17
2017-12-12,14:41:18.46,0.46,2017-12-12 14:41:18,NA,NA,3E7_0000001D05,NA,NA,NA,RanchoSanCarlos,Biomark,C:\Users\HaleyOhms\Documents\GitHub\AntWrangler\example\RanchoSanCarlos\archive\2019-01-17_2019-01-17_2019-01-17_01_00006.txt,68,2019-01-17
2017-12-12,15:41:18.15,0.15,2017-12-12 15:41:18,NA,NA,3E7_0000001D03,NA,NA,NA,RanchoSanCarlos,Biomark,C:\Users\HaleyOhms\Documents\GitHub\AntWrangler\example\RanchoSanCarlos\archive\2019-01-17_2019-01-17_2019-01-17_01_00006.txt,114,2019-01-17
2017-12-12,15:41:18.21,0.21,2017-12-12 15:41:18,NA,NA,3E7_0000001D04,NA,NA,NA,RanchoSanCarlos,Biomark,C:\Users\HaleyOhms\Documents\GitHub\AntWrangler\example\RanchoSanCarlos\archive\2019-01-17_2019-01-17_2019-01-17_01_00006.txt,117,2019-01-17
2017-12-12,15:41:18.27,0.27,2017-12-12 15:41:18,NA,NA,3E7_0000001D05,NA,NA,NA,RanchoSanCarlos,Biomark,C:\Users\HaleyOhms\Documents\GitHub\AntWrangler\example\RanchoSanCarlos\archive\2019-01-17_2019-01-17_2019-01-17_01_00006.txt,120,2019-01-17
2017-12-12,15:41:18.37,0.37,2017-12-12 15:41:18,NA,NA,3E7_0000001D06,NA,NA,NA,RanchoSanCarlos,Biomark,C:\Users\HaleyOhms\Documents\GitHub\AntWrangler\example\RanchoSanCarlos\archive\2019-01-17_2019-01-17_2019-01-17_01_00006.txt,123,2019-01-17
2017-12-12,15:41:18.43,0.43,2017-12-12 15:41:18,NA,NA,3E7_0000001D01,NA,NA,NA,RanchoSanCarlos,Biomark,C:\Users\HaleyOhms\Documents\GitHub\AntWrangler\example\RanchoSanCarlos\archive\2019-01-17_2019-01-17_2019-01-17_01_00006.txt,126,2019-01-17
2017-12-12,15:41:18.48,0.48,2017-12-12 15:41:18,NA,NA,3E7_0000001D02,NA,NA,NA,RanchoSanCarlos,Biomark,C:\Users\HaleyOhms\Documents\GitHub\AntWrangler\example\RanchoSanCarlos\archive\2019-01-17_2019-01-17_2019-01-17_01_00006.txt,128,2019-01-17
2017-12-12,16:41:18.11,0.11,2017-12-12 16:41:18,NA,NA,3E7_0000001D06,NA,NA,NA,RanchoSanCarlos,Biomark,C:\Users\HaleyOhms\Documents\GitHub\AntWrangler\example\RanchoSanCarlos\archive\2019-01-17_2019-01-17_2019-01-17_01_00006.txt,192,2019-01-17
2017-12-12,16:41:18.16,0.16,2017-12-12 16:41:18,NA,NA,3E7_0000001D01,NA,NA,NA,RanchoSanCarlos,Biomark,C:\Users\HaleyOhms\Documents\GitHub\AntWrangler\example\RanchoSanCarlos\archive\2019-01-17_2019-01-17_2019-01-17_01_00006.txt,195,2019-01-17
2017-12-12,16:41:18.21,0.21,2017-12-12 16:41:18,NA,NA,3E7_0000001D02,NA,NA,NA,RanchoSanCarlos,Biomark,C:\Users\HaleyOhms\Documents\GitHub\AntWrangler\example\RanchoSanCarlos\archive\2019-01-17_2019-01-17_2019-01-17_01_00006.txt,198,2019-01-17
2017-12-12,16:41:18.27,0.27,2017-12-12 16:41:18,NA,NA,3E7_0000001D03,NA,NA,NA,RanchoSanCarlos,Biomark,C:\Users\HaleyOhms\Documents\GitHub\AntWrangler\example\RanchoSanCarlos\archive\2019-01-17_2019-01-17_2019-01-17_01_00006.txt,201,2019-01-17
2017-12-12,16:41:18.34,0.34,2017-12-12 16:41:18,NA,NA,3E7_0000001D04,NA,NA,NA,RanchoSanCarlos,Biomark,C:\Users\HaleyOhms\Documents\GitHub\AntWrangler\example\RanchoSanCarlos\archive\2019-01-17_2019-01-17_2019-01-17_01_00006.txt,204,2019-01-17
2017-12-12,16:41:18.39,0.39,2017-12-12 16:41:18,NA,NA,3E7_0000001D05,NA,NA,NA,RanchoSanCarlos,Biomark,C:\Users\HaleyOhms\Documents\GitHub\AntWrangler\example\RanchoSanCarlos\archive\2019-01-17_2019-01-17_2019-01-17_01_00006.txt,207,2019-01-17
2017-12-12,17:41:18.09,0.09,2017-12-12 17:41:18,NA,NA,3E7_0000001D04,NA,NA,NA,RanchoSanCarlos,Biomark,C:\Users\HaleyOhms\Documents\GitHub\AntWrangler\example\RanchoSanCarlos\archive\2019-01-17_2019-01-17_2019-01-17_01_00006.txt,290,2019-01-17
2017-12-12,17:41:18.15,0.15,2017-12-12 17:41:18,NA,NA,3E7_0000001D05,NA,NA,NA,RanchoSanCarlos,Biomark,C:\Users\HaleyOhms\Documents\GitHub\AntWrangler\example\RanchoSanCarlos\archive\2019-01-17_2019-01-17_2019-01-17_01_00006.txt,293,2019-01-17
2017-12-12,17:41:18.23,0.23,2017-12-12 17:41:18,NA,NA,3E7_0000001D06,NA,NA,NA,RanchoSanCarlos,Biomark,C:\Users\HaleyOhms\Documents\GitHub\AntWrangler\example\RanchoSanCarlos\archive\2019-01-17_2019-01-17_2019-01-17_01_00006.txt,296,2019-01-17
2017-12-12,17:41:18.31,0.31,2017-12-12 17:41:18,NA,NA,3E7_0000001D01,NA,NA,NA,RanchoSanCarlos,Biomark,C:\Users\HaleyOhms\Documents\GitHub\AntWrangler\example\RanchoSanCarlos\archive\2019-01-17_2019-01-17_2019-01-17_01_00006.txt,299,2019-01-17
2017-12-12,17:41:18.36,0.36,2017-12-12 17:41:18,NA,NA,3E7_0000001D02,NA,NA,NA,RanchoSanCarlos,Biomark,C:\Users\HaleyOhms\Documents\GitHub\AntWrangler\example\RanchoSanCarlos\archive\2019-01-17_2019-01-17_2019-01-17_01_00006.txt,301,2019-01-17
2017-12-12,17:41:18.41,0.41,2017-12-12 17:41:18,NA,NA,3E7_0000001D03,NA,NA,NA,RanchoSanCarlos,Biomark,C:\Users\HaleyOhms\Documents\GitHub\AntWrangler\example\RanchoSanCarlos\archive\2019-01-17_2019-01-17_2019-01-17_01_00006.txt,305,2019-01-17
2017-12-12,18:41:18.11,0.11,2017-12-12 18:41:18,NA,NA,3E7_0000001D02,NA,NA,NA,RanchoSanCarlos,Biomark,C:\Users\HaleyOhms\Documents\GitHub\AntWrangler\example\RanchoSanCarlos\archive\2019-01-17_2019-01-17_2019-01-17_01_00006.txt,390,2019-01-17
2017-12-12,18:41:18.17,0.17,2017-12-12 18:41:18,NA,NA,3E7_0000001D03,NA,NA,NA,RanchoSanCarlos,Biomark,C:\Users\HaleyOhms\Documents\GitHub\AntWrangler\example\RanchoSanCarlos\archive\2019-01-17_2019-01-17_2019-01-17_01_00006.txt,393,2019-01-17
2017-12-12,18:41:18.23,0.23,2017-12-12 18:41:18,NA,NA,3E7_0000001D04,NA,NA,NA,RanchoSanCarlos,Biomark,C:\Users\HaleyOhms\Documents\GitHub\AntWrangler\example\RanchoSanCarlos\archive\2019-01-17_2019-01-17_2019-01-17_01_00006.txt,396,2019-01-17
2017-12-12,18:41:18.28,0.28,2017-12-12 18:41:18,NA,NA,3E7_0000001D05,NA,NA,NA,RanchoSanCarlos,Biomark,C:\Users\HaleyOhms\Documents\GitHub\AntWrangler\example\RanchoSanCarlos\archive\2019-01-17_2019-01-17_2019-01-17_01_00006.txt,399,2019-01-17
2017-12-12,18:41:18.39,0.39,2017-12-12 18:41:18,NA,NA,3E7_0000001D06,NA,NA,NA,RanchoSanCarlos,Biomark,C:\Users\HaleyOhms\Documents\GitHub\AntWrangler\example\RanchoSanCarlos\archive\2019-01-17_2019-01-17_2019-01-17_01_00006.txt,401,2019-01-17
2017-12-12,18:41:18.45,0.45,2017-12-12 18:41:18,NA,NA,3E7_0000001D01,NA,NA,NA,RanchoSanCarlos,Biomark,C:\Users\HaleyOhms\Documents\GitHub\AntWrangler\example\RanchoSanCarlos\archive\2019-01-17_2019-01-17_2019-01-17_01_00006.txt,405,2019-01-17
2017-12-12,19:41:18.06,0.06,2017-12-12 19:41:18,NA,NA,3E7_0000001D03,NA,NA,NA,RanchoSanCarlos,Biomark,C:\Users\HaleyOhms\Documents\GitHub\AntWrangler\example\RanchoSanCarlos\archive\2019-01-17_2019-01-17_2019-01-17_01_00006.txt,562,2019-01-17
2017-12-12,19:41:18.12,0.12,2017-12-12 19:41:18,NA,NA,3E7_0000001D04,NA,NA,NA,RanchoSanCarlos,Biomark,C:\Users\HaleyOhms\Documents\GitHub\AntWrangler\example\RanchoSanCarlos\archive\2019-01-17_2019-01-17_2019-01-17_01_00006.txt,565,2019-01-17
2017-12-12,19:41:18.17,0.17,2017-12-12 19:41:18,NA,NA,3E7_0000001D05,NA,NA,NA,RanchoSanCarlos,Biomark,C:\Users\HaleyOhms\Documents\GitHub\AntWrangler\example\RanchoSanCarlos\archive\2019-01-17_2019-01-17_2019-01-17_01_00006.txt,568,2019-01-17
2017-12-12,19:41:18.22,0.22,2017-12-12 19:41:18,NA,NA,3E7_0000001D06,NA,NA,NA,RanchoSanCarlos,Biomark,C:\Users\HaleyOhms\Documents\GitHub\AntWrangler\example\RanchoSanCarlos\archive\2019-01-17_2019-01-17_2019-01-17_01_00006.txt,571,2019-01-17
2017-12-12,19:41:18.30,0.3,2017-12-12 19:41:18,NA,NA,3E7_0000001D01,NA,NA,NA,RanchoSanCarlos,Biomark,C:\Users\HaleyOhms\Documents\GitHub\AntWrangler\example\RanchoSanCarlos\archive\2019-01-17_2019-01-17_2019-01-17_01_00006.txt,573,2019-01-17
2017-12-12,19:41:18.35,0.35,2017-12-12 19:41:18,NA,NA,3E7_0000001D02,NA,NA,NA,RanchoSanCarlos,Biomark,C:\Users\HaleyOhms\Documents\GitHub\AntWrangler\example\RanchoSanCarlos\archive\2019-01-17_2019-01-17_2019-01-17_01_00006.txt,577,2019-01-17
2017-12-12,20:41:18.11,0.11,2017-12-12 20:41:18,NA,NA,3E7_0000001D06,NA,NA,NA,RanchoSanCarlos,Biomark,C:\Users\HaleyOhms\Documents\GitHub\AntWrangler\example\RanchoSanCarlos\archive\2019-01-17_2019-01-17_2019-01-17_01_00006.txt,713,2019-01-17
2017-12-12,20:41:18.16,0.16,2017-12-12 20:41:18,NA,NA,3E7_0000001D01,NA,NA,NA,RanchoSanCarlos,Biomark,C:\Users\HaleyOhms\Documents\GitHub\AntWrangler\example\RanchoSanCarlos\archive\2019-01-17_2019-01-17_2019-01-17_01_00006.txt,716,2019-01-17
2017-12-12,20:41:18.21,0.21,2017-12-12 20:41:18,NA,NA,3E7_0000001D02,NA,NA,NA,RanchoSanCarlos,Biomark,C:\Users\HaleyOhms\Documents\GitHub\AntWrangler\example\RanchoSanCarlos\archive\2019-01-17_2019-01-17_2019-01-17_01_00006.txt,719,2019-01-17
2017-12-12,20:41:18.26,0.26,2017-12-12 20:41:18,NA,NA,3E7_0000001D03,NA,NA,NA,RanchoSanCarlos,Biomark,C:\Users\HaleyOhms\Documents\GitHub\AntWrangler\example\RanchoSanCarlos\archive\2019-01-17_2019-01-17_2019-01-17_01_00006.txt,721,2019-01-17
2017-12-12,20:41:18.32,0.32,2017-12-12 20:41:18,NA,NA,3E7_0000001D04,NA,NA,NA,RanchoSanCarlos,Biomark,C:\Users\HaleyOhms\Documents\GitHub\AntWrangler\example\RanchoSanCarlos\archive\2019-01-17_2019-01-17_2019-01-17_01_00006.txt,725,2019-01-17
2017-12-12,20:41:18.37,0.37,2017-12-12 20:41:18,NA,NA,3E7_0000001D05,NA,NA,NA,RanchoSanCarlos,Biomark,C:\Users\HaleyOhms\Documents\GitHub\AntWrangler\example\RanchoSanCarlos\archive\2019-01-17_2019-01-17_2019-01-17_01_00006.txt,728,2019-01-17
2017-12-12,21:41:18.07,0.07,2017-12-12 21:41:18,NA,NA,3E7_0000001D05,NA,NA,NA,RanchoSanCarlos,Biomark,C:\Users\HaleyOhms\Documents\GitHub\AntWrangler\example\RanchoSanCarlos\archive\2019-01-17_2019-01-17_2019-01-17_01_00006.txt,863,2019-01-17
2017-12-12,21:41:18.16,0.16,2017-12-12 21:41:18,NA,NA,3E7_0000001D06,NA,NA,NA,RanchoSanCarlos,Biomark,C:\Users\HaleyOhms\Documents\GitHub\AntWrangler\example\RanchoSanCarlos\archive\2019-01-17_2019-01-17_2019-01-17_01_00006.txt,866,2019-01-17
2017-12-12,21:41:18.21,0.21,2017-12-12 21:41:18,NA,NA,3E7_0000001D01,NA,NA,NA,RanchoSanCarlos,Biomark,C:\Users\HaleyOhms\Documents\GitHub\AntWrangler\example\RanchoSanCarlos\archive\2019-01-17_2019-01-17_2019-01-17_01_00006.txt,869,2019-01-17
2017-12-12,21:41:18.26,0.26,2017-12-12 21:41:18,NA,NA,3E7_0000001D02,NA,NA,NA,RanchoSanCarlos,Biomark,C:\Users\HaleyOhms\Documents\GitHub\AntWrangler\example\RanchoSanCarlos\archive\2019-01-17_2019-01-17_2019-01-17_01_00006.txt,871,2019-01-17
2017-12-12,21:41:18.31,0.31,2017-12-12 21:41:18,NA,NA,3E7_0000001D03,NA,NA,NA,RanchoSanCarlos,Biomark,C:\Users\HaleyOhms\Documents\GitHub\AntWrangler\example\RanchoSanCarlos\archive\2019-01-17_2019-01-17_2019-01-17_01_00006.txt,875,2019-01-17
2017-12-12,21:41:18.36,0.36,2017-12-12 21:41:18,NA,NA,3E7_0000001D04,NA,NA,NA,RanchoSanCarlos,Biomark,C:\Users\HaleyOhms\Documents\GitHub\AntWrangler\example\RanchoSanCarlos\archive\2019-01-17_2019-01-17_2019-01-17_01_00006.txt,878,2019-01-17
2017-12-12,22:41:18.06,0.06,2017-12-12 22:41:18,NA,NA,3E7_0000001D03,NA,NA,NA,RanchoSanCarlos,Biomark,C:\Users\HaleyOhms\Documents\GitHub\AntWrangler\example\RanchoSanCarlos\archive\2019-01-17_2019-01-17_2019-01-17_01_00006.txt,1007,2019-01-17
2017-12-12,22:41:18.13,0.13,2017-12-12 22:41:18,NA,NA,3E7_0000001D04,NA,NA,NA,RanchoSanCarlos,Biomark,C:\Users\HaleyOhms\Documents\GitHub\AntWrangler\example\RanchoSanCarlos\archive\2019-01-17_2019-01-17_2019-01-17_01_00006.txt,1010,2019-01-17
2017-12-12,22:41:18.18,0.18,2017-12-12 22:41:18,NA,NA,3E7_0000001D05,NA,NA,NA,RanchoSanCarlos,Biomark,C:\Users\HaleyOhms\Documents\GitHub\AntWrangler\example\RanchoSanCarlos\archive\2019-01-17_2019-01-17_2019-01-17_01_00006.txt,1013,2019-01-17
2017-12-12,22:41:18.24,0.24,2017-12-12 22:41:18,NA,NA,3E7_0000001D06,NA,NA,NA,RanchoSanCarlos,Biomark,C:\Users\HaleyOhms\Documents\GitHub\AntWrangler\example\RanchoSanCarlos\archive\2019-01-17_2019-01-17_2019-01-17_01_00006.txt,1016,2019-01-17
2017-12-12,22:41:18.29,0.29,2017-12-12 22:41:18,NA,NA,3E7_0000001D01,NA,NA,NA,RanchoSanCarlos,Biomark,C:\Users\HaleyOhms\Documents\GitHub\AntWrangler\example\RanchoSanCarlos\archive\2019-01-17_2019-01-17_2019-01-17_01_00006.txt,1019,2019-01-17
2017-12-12,22:41:18.35,0.35,2017-12-12 22:41:18,NA,NA,3E7_0000001D02,NA,NA,NA,RanchoSanCarlos,Biomark,C:\Users\HaleyOhms\Documents\GitHub\AntWrangler\example\RanchoSanCarlos\archive\2019-01-17_2019-01-17_2019-01-17_01_00006.txt,1022,2019-01-17
2017-12-12,23:41:18.06,0.06,2017-12-12 23:41:18,NA,NA,3E7_0000001D06,NA,NA,NA,RanchoSanCarlos,Biomark,C:\Users\HaleyOhms\Documents\GitHub\AntWrangler\example\RanchoSanCarlos\archive\2019-01-17_2019-01-17_2019-01-17_01_00006.txt,1185,2019-01-17
2017-12-12,23:41:18.12,0.12,2017-12-12 23:41:18,NA,NA,3E7_0000001D01,NA,NA,NA,RanchoSanCarlos,Biomark,C:\Users\HaleyOhms\Documents\GitHub\AntWrangler\example\RanchoSanCarlos\archive\2019-01-17_2019-01-17_2019-01-17_01_00006.txt,1188,2019-01-17
2017-12-12,23:41:18.17,0.17,2017-12-12 23:41:18,NA,NA,3E7_0000001D02,NA,NA,NA,RanchoSanCarlos,Biomark,C:\Users\HaleyOhms\Documents\GitHub\AntWrangler\example\RanchoSanCarlos\archive\2019-01-17_2019-01-17_2019-01-17_01_00006.txt,1191,2019-01-17
2017-12-12,23:41:18.25,0.25,2017-12-12 23:41:18,NA,NA,3E7_0000001D03,NA,NA,NA,RanchoSanCarlos,Biomark,C:\Users\HaleyOhms\Documents\GitHub\AntWrangler\example\RanchoSanCarlos\archive\2019-01-17_2019-01-17_2019-01-17_01_00006.txt,1194,2019-01-17
2017-12-12,23:41:18.30,0.3,2017-12-12 23:41:18,NA,NA,3E7_0000001D04,NA,NA,NA,RanchoSanCarlos,Biomark,C:\Users\HaleyOhms\Documents\GitHub\AntWrangler\example\RanchoSanCarlos\archive\2019-01-17_2019-01-17_2019-01-17_01_00006.txt,1197,2019-01-17
2017-12-12,23:41:18.35,0.35,2017-12-12 23:41:18,NA,NA,3E7_0000001D05,NA,NA,NA,RanchoSanCarlos,Biomark,C:\Users\HaleyOhms\Documents\GitHub\AntWrangler\example\RanchoSanCarlos\archive\2019-01-17_2019-01-17_2019-01-17_01_00006.txt,1199,2019-01-17
2017-12-13,00:41:18.07,0.07,2017-12-13 00:41:18,NA,NA,3E7_0000001D04,NA,NA,NA,RanchoSanCarlos,Biomark,C:\Users\HaleyOhms\Documents\GitHub\AntWrangler\example\RanchoSanCarlos\archive\2019-01-17_2019-01-17_2019-01-17_01_00006.txt,1253,2019-01-17
2017-12-13,00:41:18.12,0.12,2017-12-13 00:41:18,NA,NA,3E7_0000001D05,NA,NA,NA,RanchoSanCarlos,Biomark,C:\Users\HaleyOhms\Documents\GitHub\AntWrangler\example\RanchoSanCarlos\archive\2019-01-17_2019-01-17_2019-01-17_01_00006.txt,1256,2019-01-17
2017-12-13,00:41:18.21,0.21,2017-12-13 00:41:18,NA,NA,3E7_0000001D06,NA,NA,NA,RanchoSanCarlos,Biomark,C:\Users\HaleyOhms\Documents\GitHub\AntWrangler\example\RanchoSanCarlos\archive\2019-01-17_2019-01-17_2019-01-17_01_00006.txt,1258,2019-01-17
2017-12-13,00:41:18.29,0.29,2017-12-13 00:41:18,NA,NA,3E7_0000001D01,NA,NA,NA,RanchoSanCarlos,Biomark,C:\Users\HaleyOhms\Documents\GitHub\AntWrangler\example\RanchoSanCarlos\archive\2019-01-17_2019-01-17_2019-01-17_01_00006.txt,1262,2019-01-17
2017-12-13,00:41:18.34,0.34,2017-12-13 00:41:18,NA,NA,3E7_0000001D02,NA,NA,NA,RanchoSanCarlos,Biomark,C:\Users\HaleyOhms\Documents\GitHub\AntWrangler\example\RanchoSanCarlos\archive\2019-01-17_2019-01-17_2019-01-17_01_00006.txt,1265,2019-01-17
2017-12-13,00:41:18.39,0.39,2017-12-13 00:41:18,NA,NA,3E7_0000001D03,NA,NA,NA,RanchoSanCarlos,Biomark,C:\Users\HaleyOhms\Documents\GitHub\AntWrangler\example\RanchoSanCarlos\archive\2019-01-17_2019-01-17_2019-01-17_01_00006.txt,1268,2019-01-17
2017-12-13,00:41:18.70,0.7,2017-12-13 00:41:18,NA,NA,3E7_0000001D03,NA,NA,NA,RanchoSanCarlos,Biomark,C:\Users\HaleyOhms\Documents\GitHub\AntWrangler\example\RanchoSanCarlos\archive\2019-01-17_2019-01-17_2019-01-17_01_00006.txt,1269,2019-01-17
2017-12-13,01:41:18.05,0.05,2017-12-13 01:41:18,NA,NA,3E7_0000001D05,NA,NA,NA,RanchoSanCarlos,Biomark,C:\Users\HaleyOhms\Documents\GitHub\AntWrangler\example\RanchoSanCarlos\archive\2019-01-17_2019-01-17_2019-01-17_01_00006.txt,1304,2019-01-17
2017-12-13,01:41:18.11,0.11,2017-12-13 01:41:18,NA,NA,3E7_0000001D06,NA,NA,NA,RanchoSanCarlos,Biomark,C:\Users\HaleyOhms\Documents\GitHub\AntWrangler\example\RanchoSanCarlos\archive\2019-01-17_2019-01-17_2019-01-17_01_00006.txt,1307,2019-01-17
2017-12-13,01:41:18.16,0.16,2017-12-13 01:41:18,NA,NA,3E7_0000001D01,NA,NA,NA,RanchoSanCarlos,Biomark,C:\Users\HaleyOhms\Documents\GitHub\AntWrangler\example\RanchoSanCarlos\archive\2019-01-17_2019-01-17_2019-01-17_01_00006.txt,1310,2019-01-17
2017-12-13,01:41:18.21,0.21,2017-12-13 01:41:18,NA,NA,3E7_0000001D02,NA,NA,NA,RanchoSanCarlos,Biomark,C:\Users\HaleyOhms\Documents\GitHub\AntWrangler\example\RanchoSanCarlos\archive\2019-01-17_2019-01-17_2019-01-17_01_00006.txt,1312,2019-01-17
2017-12-13,01:41:18.27,0.27,2017-12-13 01:41:18,NA,NA,3E7_0000001D03,NA,NA,NA,RanchoSanCarlos,Biomark,C:\Users\HaleyOhms\Documents\GitHub\AntWrangler\example\RanchoSanCarlos\archive\2019-01-17_2019-01-17_2019-01-17_01_00006.txt,1316,2019-01-17
2017-12-13,01:41:18.32,0.32,2017-12-13 01:41:18,NA,NA,3E7_0000001D04,NA,NA,NA,RanchoSanCarlos,Biomark,C:\Users\HaleyOhms\Documents\GitHub\AntWrangler\example\RanchoSanCarlos\archive\2019-01-17_2019-01-17_2019-01-17_01_00006.txt,1318,2019-01-17
2017-12-13,02:41:18.10,0.1,2017-12-13 02:41:18,NA,NA,3E7_0000001D04,NA,NA,NA,RanchoSanCarlos,Biomark,C:\Users\HaleyOhms\Documents\GitHub\AntWrangler\example\RanchoSanCarlos\archive\2019-01-17_2019-01-17_2019-01-17_01_00006.txt,1356,2019-01-17
2017-12-13,02:41:18.15,0.15,2017-12-13 02:41:18,NA,NA,3E7_0000001D05,NA,NA,NA,RanchoSanCarlos,Biomark,C:\Users\HaleyOhms\Documents\GitHub\AntWrangler\example\RanchoSanCarlos\archive\2019-01-17_2019-01-17_2019-01-17_01_00006.txt,1360,2019-01-17
2017-12-13,02:41:18.23,0.23,2017-12-13 02:41:18,NA,NA,3E7_0000001D06,NA,NA,NA,RanchoSanCarlos,Biomark,C:\Users\HaleyOhms\Documents\GitHub\AntWrangler\example\RanchoSanCarlos\archive\2019-01-17_2019-01-17_2019-01-17_01_00006.txt,1362,2019-01-17
2017-12-13,02:41:18.28,0.28,2017-12-13 02:41:18,NA,NA,3E7_0000001D01,NA,NA,NA,RanchoSanCarlos,Biomark,C:\Users\HaleyOhms\Documents\GitHub\AntWrangler\example\RanchoSanCarlos\archive\2019-01-17_2019-01-17_2019-01-17_01_00006.txt,1366,2019-01-17
2017-12-13,02:41:18.33,0.33,2017-12-13 02:41:18,NA,NA,3E7_0000001D02,NA,NA,NA,RanchoSanCarlos,Biomark,C:\Users\HaleyOhms\Documents\GitHub\AntWrangler\example\RanchoSanCarlos\archive\2019-01-17_2019-01-17_2019-01-17_01_00006.txt,1368,2019-01-17
2017-12-13,02:41:18.39,0.39,2017-12-13 02:41:18,NA,NA,3E7_0000001D03,NA,NA,NA,RanchoSanCarlos,Biomark,C:\Users\HaleyOhms\Documents\GitHub\AntWrangler\example\RanchoSanCarlos\archive\2019-01-17_2019-01-17_2019-01-17_01_00006.txt,1372,2019-01-17
2017-12-13,02:41:18.47,0.47,2017-12-13 02:41:18,NA,NA,3E7_0000001D05,NA,NA,NA,RanchoSanCarlos,Biomark,C:\Users\HaleyOhms\Documents\GitHub\AntWrangler\example\RanchoSanCarlos\archive\2019-01-17_2019-01-17_2019-01-17_01_00006.txt,1373,2019-01-17
2017-12-13,02:41:18.59,0.59,2017-12-13 02:41:18,NA,NA,3E7_0000001D01,NA,NA,NA,RanchoSanCarlos,Biomark,C:\Users\HaleyOhms\Documents\GitHub\AntWrangler\example\RanchoSanCarlos\archive\2019-01-17_2019-01-17_2019-01-17_01_00006.txt,1374,2019-01-17
2017-12-13,03:41:18.09,0.09,2017-12-13 03:41:18,NA,NA,3E7_0000001D02,NA,NA,NA,RanchoSanCarlos,Biomark,C:\Users\HaleyOhms\Documents\GitHub\AntWrangler\example\RanchoSanCarlos\archive\2019-01-17_2019-01-17_2019-01-17_01_00006.txt,1446,2019-01-17
2017-12-13,03:41:18.14,0.14,2017-12-13 03:41:18,NA,NA,3E7_0000001D03,NA,NA,NA,RanchoSanCarlos,Biomark,C:\Users\HaleyOhms\Documents\GitHub\AntWrangler\example\RanchoSanCarlos\archive\2019-01-17_2019-01-17_2019-01-17_01_00006.txt,1449,2019-01-17
2017-12-13,03:41:18.19,0.19,2017-12-13 03:41:18,NA,NA,3E7_0000001D04,NA,NA,NA,RanchoSanCarlos,Biomark,C:\Users\HaleyOhms\Documents\GitHub\AntWrangler\example\RanchoSanCarlos\archive\2019-01-17_2019-01-17_2019-01-17_01_00006.txt,1452,2019-01-17
2017-12-13,03:41:18.25,0.25,2017-12-13 03:41:18,NA,NA,3E7_0000001D05,NA,NA,NA,RanchoSanCarlos,Biomark,C:\Users\HaleyOhms\Documents\GitHub\AntWrangler\example\RanchoSanCarlos\archive\2019-01-17_2019-01-17_2019-01-17_01_00006.txt,1455,2019-01-17
2017-12-13,03:41:18.30,0.3,2017-12-13 03:41:18,NA,NA,3E7_0000001D06,NA,NA,NA,RanchoSanCarlos,Biomark,C:\Users\HaleyOhms\Documents\GitHub\AntWrangler\example\RanchoSanCarlos\archive\2019-01-17_2019-01-17_2019-01-17_01_00006.txt,1458,2019-01-17
2017-12-13,03:41:18.37,0.37,2017-12-13 03:41:18,NA,NA,3E7_0000001D01,NA,NA,NA,RanchoSanCarlos,Biomark,C:\Users\HaleyOhms\Documents\GitHub\AntWrangler\example\RanchoSanCarlos\archive\2019-01-17_2019-01-17_2019-01-17_01_00006.txt,1461,2019-01-17
2017-12-13,04:41:18.08,0.08,2017-12-13 04:41:18,NA,NA,3E7_0000001D01,NA,NA,NA,RanchoSanCarlos,Biomark,C:\Users\HaleyOhms\Documents\GitHub\AntWrangler\example\RanchoSanCarlos\archive\2019-01-17_2019-01-17_2019-01-17_01_00006.txt,1536,2019-01-17
2017-12-13,04:41:18.14,0.14,2017-12-13 04:41:18,NA,NA,3E7_0000001D02,NA,NA,NA,RanchoSanCarlos,Biomark,C:\Users\HaleyOhms\Documents\GitHub\AntWrangler\example\RanchoSanCarlos\archive\2019-01-17_2019-01-17_2019-01-17_01_00006.txt,1539,2019-01-17
2017-12-13,04:41:18.21,0.21,2017-12-13 04:41:18,NA,NA,3E7_0000001D03,NA,NA,NA,RanchoSanCarlos,Biomark,C:\Users\HaleyOhms\Documents\GitHub\AntWrangler\example\RanchoSanCarlos\archive\2019-01-17_2019-01-17_2019-01-17_01_00006.txt,1542,2019-01-17
2017-12-13,04:41:18.29,0.29,2017-12-13 04:41:18,NA,NA,3E7_0000001D04,NA,NA,NA,RanchoSanCarlos,Biomark,C:\Users\HaleyOhms\Documents\GitHub\AntWrangler\example\RanchoSanCarlos\archive\2019-01-17_2019-01-17_2019-01-17_01_00006.txt,1545,2019-01-17
2017-12-13,04:41:18.34,0.34,2017-12-13 04:41:18,NA,NA,3E7_0000001D05,NA,NA,NA,RanchoSanCarlos,Biomark,C:\Users\HaleyOhms\Documents\GitHub\AntWrangler\example\RanchoSanCarlos\archive\2019-01-17_2019-01-17_2019-01-17_01_00006.txt,1548,2019-01-17
2017-12-13,04:41:18.39,0.39,2017-12-13 04:41:18,NA,NA,3E7_0000001D06,NA,NA,NA,RanchoSanCarlos,Biomark,C:\Users\HaleyOhms\Documents\GitHub\AntWrangler\example\RanchoSanCarlos\archive\2019-01-17_2019-01-17_2019-01-17_01_00006.txt,1551,2019-01-17
2017-12-13,05:41:18.09,0.09,2017-12-13 05:41:18,NA,NA,3E7_0000001D04,NA,NA,NA,RanchoSanCarlos,Biomark,C:\Users\HaleyOhms\Documents\GitHub\AntWrangler\example\RanchoSanCarlos\archive\2019-01-17_2019-01-17_2019-01-17_01_00006.txt,1637,2019-01-17
2017-12-13,05:41:18.14,0.14,2017-12-13 05:41:18,NA,NA,3E7_0000001D05,NA,NA,NA,RanchoSanCarlos,Biomark,C:\Users\HaleyOhms\Documents\GitHub\AntWrangler\example\RanchoSanCarlos\archive\2019-01-17_2019-01-17_2019-01-17_01_00006.txt,1639,2019-01-17
2017-12-13,05:41:18.25,0.25,2017-12-13 05:41:18,NA,NA,3E7_0000001D06,NA,NA,NA,RanchoSanCarlos,Biomark,C:\Users\HaleyOhms\Documents\GitHub\AntWrangler\example\RanchoSanCarlos\archive\2019-01-17_2019-01-17_2019-01-17_01_00006.txt,1643,2019-01-17
2017-12-13,05:41:18.35,0.35,2017-12-13 05:41:18,NA,NA,3E7_0000001D02,NA,NA,NA,RanchoSanCarlos,Biomark,C:\Users\HaleyOhms\Documents\GitHub\AntWrangler\example\RanchoSanCarlos\archive\2019-01-17_2019-01-17_2019-01-17_01_00006.txt,1647,2019-01-17
2017-12-13,05:41:18.40,0.4,2017-12-13 05:41:18,NA,NA,3E7_0000001D03,NA,NA,NA,RanchoSanCarlos,Biomark,C:\Users\HaleyOhms\Documents\GitHub\AntWrangler\example\RanchoSanCarlos\archive\2019-01-17_2019-01-17_2019-01-17_01_00006.txt,1649,2019-01-17
2017-12-13,06:41:18.10,0.1,2017-12-13 06:41:18,NA,NA,3E7_0000001D01,NA,NA,NA,RanchoSanCarlos,Biomark,C:\Users\HaleyOhms\Documents\GitHub\AntWrangler\example\RanchoSanCarlos\archive\2019-01-17_2019-01-17_2019-01-17_01_00006.txt,1758,2019-01-17
2017-12-13,06:41:18.15,0.15,2017-12-13 06:41:18,NA,NA,3E7_0000001D02,NA,NA,NA,RanchoSanCarlos,Biomark,C:\Users\HaleyOhms\Documents\GitHub\AntWrangler\example\RanchoSanCarlos\archive\2019-01-17_2019-01-17_2019-01-17_01_00006.txt,1761,2019-01-17
2017-12-13,06:41:18.20,0.2,2017-12-13 06:41:18,NA,NA,3E7_0000001D03,NA,NA,NA,RanchoSanCarlos,Biomark,C:\Users\HaleyOhms\Documents\GitHub\AntWrangler\example\RanchoSanCarlos\archive\2019-01-17_2019-01-17_2019-01-17_01_00006.txt,1764,2019-01-17
2017-12-13,06:41:18.26,0.26,2017-12-13 06:41:18,NA,NA,3E7_0000001D04,NA,NA,NA,RanchoSanCarlos,Biomark,C:\Users\HaleyOhms\Documents\GitHub\AntWrangler\example\RanchoSanCarlos\archive\2019-01-17_2019-01-17_2019-01-17_01_00006.txt,1767,2019-01-17
2017-12-13,06:41:18.31,0.31,2017-12-13 06:41:18,NA,NA,3E7_0000001D05,NA,NA,NA,RanchoSanCarlos,Biomark,C:\Users\HaleyOhms\Documents\GitHub\AntWrangler\example\RanchoSanCarlos\archive\2019-01-17_2019-01-17_2019-01-17_01_00006.txt,1770,2019-01-17
2017-12-13,06:41:18.39,0.39,2017-12-13 06:41:18,NA,NA,3E7_0000001D06,NA,NA,NA,RanchoSanCarlos,Biomark,C:\Users\HaleyOhms\Documents\GitHub\AntWrangler\example\RanchoSanCarlos\archive\2019-01-17_2019-01-17_2019-01-17_01_00006.txt,1773,2019-01-17
2017-12-13,07:41:18.13,0.13,2017-12-13 07:41:18,NA,NA,3E7_0000001D06,NA,NA,NA,RanchoSanCarlos,Biomark,C:\Users\HaleyOhms\Documents\GitHub\AntWrangler\example\RanchoSanCarlos\archive\2019-01-17_2019-01-17_2019-01-17_01_00006.txt,1880,2019-01-17
2017-12-13,07:41:18.21,0.21,2017-12-13 07:41:18,NA,NA,3E7_0000001D01,NA,NA,NA,RanchoSanCarlos,Biomark,C:\Users\HaleyOhms\Documents\GitHub\AntWrangler\example\RanchoSanCarlos\archive\2019-01-17_2019-01-17_2019-01-17_01_00006.txt,1883,2019-01-17
2017-12-13,07:41:18.26,0.26,2017-12-13 07:41:18,NA,NA,3E7_0000001D02,NA,NA,NA,RanchoSanCarlos,Biomark,C:\Users\HaleyOhms\Documents\GitHub\AntWrangler\example\RanchoSanCarlos\archive\2019-01-17_2019-01-17_2019-01-17_01_00006.txt,1886,2019-01-17
2017-12-13,07:41:18.32,0.32,2017-12-13 07:41:18,NA,NA,3E7_0000001D03,NA,NA,NA,RanchoSanCarlos,Biomark,C:\Users\HaleyOhms\Documents\GitHub\AntWrangler\example\RanchoSanCarlos\archive\2019-01-17_2019-01-17_2019-01-17_01_00006.txt,1889,2019-01-17
2017-12-13,07:41:18.37,0.37,2017-12-13 07:41:18,NA,NA,3E7_0000001D04,NA,NA,NA,RanchoSanCarlos,Biomark,C:\Users\HaleyOhms\Documents\GitHub\AntWrangler\example\RanchoSanCarlos\archive\2019-01-17_2019-01-17_2019-01-17_01_00006.txt,1892,2019-01-17
2017-12-13,07:41:18.43,0.43,2017-12-13 07:41:18,NA,NA,3E7_0000001D05,NA,NA,NA,RanchoSanCarlos,Biomark,C:\Users\HaleyOhms\Documents\GitHub\AntWrangler\example\RanchoSanCarlos\archive\2019-01-17_2019-01-17_2019-01-17_01_00006.txt,1895,2019-01-17
2017-12-13,07:41:18.72,0.72,2017-12-13 07:41:18,NA,NA,3E7_0000001D05,NA,NA,NA,RanchoSanCarlos,Biomark,C:\Users\HaleyOhms\Documents\GitHub\AntWrangler\example\RanchoSanCarlos\archive\2019-01-17_2019-01-17_2019-01-17_01_00006.txt,1896,2019-01-17
2017-12-13,08:41:18.06,0.06,2017-12-13 08:41:18,NA,NA,3E7_0000001D02,NA,NA,NA,RanchoSanCarlos,Biomark,C:\Users\HaleyOhms\Documents\GitHub\AntWrangler\example\RanchoSanCarlos\archive\2019-01-17_2019-01-17_2019-01-17_01_00006.txt,1950,2019-01-17
2017-12-13,08:41:18.18,0.18,2017-12-13 08:41:18,NA,NA,3E7_0000001D03,NA,NA,NA,RanchoSanCarlos,Biomark,C:\Users\HaleyOhms\Documents\GitHub\AntWrangler\example\RanchoSanCarlos\archive\2019-01-17_2019-01-17_2019-01-17_01_00006.txt,1953,2019-01-17
2017-12-13,08:41:18.23,0.23,2017-12-13 08:41:18,NA,NA,3E7_0000001D04,NA,NA,NA,RanchoSanCarlos,Biomark,C:\Users\HaleyOhms\Documents\GitHub\AntWrangler\example\RanchoSanCarlos\archive\2019-01-17_2019-01-17_2019-01-17_01_00006.txt,1956,2019-01-17
2017-12-13,08:41:18.28,0.28,2017-12-13 08:41:18,NA,NA,3E7_0000001D05,NA,NA,NA,RanchoSanCarlos,Biomark,C:\Users\HaleyOhms\Documents\GitHub\AntWrangler\example\RanchoSanCarlos\archive\2019-01-17_2019-01-17_2019-01-17_01_00006.txt,1959,2019-01-17
2017-12-13,08:41:18.33,0.33,2017-12-13 08:41:18,NA,NA,3E7_0000001D06,NA,NA,NA,RanchoSanCarlos,Biomark,C:\Users\HaleyOhms\Documents\GitHub\AntWrangler\example\RanchoSanCarlos\archive\2019-01-17_2019-01-17_2019-01-17_01_00006.txt,1962,2019-01-17
2017-12-13,08:41:18.38,0.38,2017-12-13 08:41:18,NA,NA,3E7_0000001D01,NA,NA,NA,RanchoSanCarlos,Biomark,C:\Users\HaleyOhms\Documents\GitHub\AntWrangler\example\RanchoSanCarlos\archive\2019-01-17_2019-01-17_2019-01-17_01_00006.txt,1965,2019-01-17
2017-12-13,08:41:18.69,0.69,2017-12-13 08:41:18,NA,NA,3E7_0000001D01,NA,NA,NA,RanchoSanCarlos,Biomark,C:\Users\HaleyOhms\Documents\GitHub\AntWrangler\example\RanchoSanCarlos\archive\2019-01-17_2019-01-17_2019-01-17_01_00006.txt,1966,2019-01-17
2017-12-13,09:41:18.08,0.08,2017-12-13 09:41:18,NA,NA,3E7_0000001D05,NA,NA,NA,RanchoSanCarlos,Biomark,C:\Users\HaleyOhms\Documents\GitHub\AntWrangler\example\RanchoSanCarlos\archive\2019-01-17_2019-01-17_2019-01-17_01_00006.txt,2006,2019-01-17
2017-12-13,09:41:18.14,0.14,2017-12-13 09:41:18,NA,NA,3E7_0000001D06,NA,NA,NA,RanchoSanCarlos,Biomark,C:\Users\HaleyOhms\Documents\GitHub\AntWrangler\example\RanchoSanCarlos\archive\2019-01-17_2019-01-17_2019-01-17_01_00006.txt,2010,2019-01-17
2017-12-13,09:41:18.19,0.19,2017-12-13 09:41:18,NA,NA,3E7_0000001D01,NA,NA,NA,RanchoSanCarlos,Biomark,C:\Users\HaleyOhms\Documents\GitHub\AntWrangler\example\RanchoSanCarlos\archive\2019-01-17_2019-01-17_2019-01-17_01_00006.txt,2013,2019-01-17
2017-12-13,09:41:18.24,0.24,2017-12-13 09:41:18,NA,NA,3E7_0000001D02,NA,NA,NA,RanchoSanCarlos,Biomark,C:\Users\HaleyOhms\Documents\GitHub\AntWrangler\example\RanchoSanCarlos\archive\2019-01-17_2019-01-17_2019-01-17_01_00006.txt,2015,2019-01-17
2017-12-13,09:41:18.33,0.33,2017-12-13 09:41:18,NA,NA,3E7_0000001D03,NA,NA,NA,RanchoSanCarlos,Biomark,C:\Users\HaleyOhms\Documents\GitHub\AntWrangler\example\RanchoSanCarlos\archive\2019-01-17_2019-01-17_2019-01-17_01_00006.txt,2019,2019-01-17
2017-12-13,09:41:18.40,0.4,2017-12-13 09:41:18,NA,NA,3E7_0000001D04,NA,NA,NA,RanchoSanCarlos,Biomark,C:\Users\HaleyOhms\Documents\GitHub\AntWrangler\example\RanchoSanCarlos\archive\2019-01-17_2019-01-17_2019-01-17_01_00006.txt,2022,2019-01-17
2017-12-13,10:41:18.08,0.08,2017-12-13 10:41:18,NA,NA,3E7_0000001D05,NA,NA,NA,RanchoSanCarlos,Biomark,C:\Users\HaleyOhms\Documents\GitHub\AntWrangler\example\RanchoSanCarlos\archive\2019-01-17_2019-01-17_2019-01-17_01_00006.txt,2135,2019-01-17
2017-12-13,10:41:18.13,0.13,2017-12-13 10:41:18,NA,NA,3E7_0000001D06,NA,NA,NA,RanchoSanCarlos,Biomark,C:\Users\HaleyOhms\Documents\GitHub\AntWrangler\example\RanchoSanCarlos\archive\2019-01-17_2019-01-17_2019-01-17_01_00006.txt,2138,2019-01-17
2017-12-13,10:41:18.19,0.19,2017-12-13 10:41:18,NA,NA,3E7_0000001D01,NA,NA,NA,RanchoSanCarlos,Biomark,C:\Users\HaleyOhms\Documents\GitHub\AntWrangler\example\RanchoSanCarlos\archive\2019-01-17_2019-01-17_2019-01-17_01_00006.txt,2141,2019-01-17
2017-12-13,10:41:18.24,0.24,2017-12-13 10:41:18,NA,NA,3E7_0000001D02,NA,NA,NA,RanchoSanCarlos,Biomark,C:\Users\HaleyOhms\Documents\GitHub\AntWrangler\example\RanchoSanCarlos\archive\2019-01-17_2019-01-17_2019-01-17_01_00006.txt,2144,2019-01-17
2017-12-13,10:41:18.30,0.3,2017-12-13 10:41:18,NA,NA,3E7_0000001D03,NA,NA,NA,RanchoSanCarlos,Biomark,C:\Users\HaleyOhms\Documents\GitHub\AntWrangler\example\RanchoSanCarlos\archive\2019-01-17_2019-01-17_2019-01-17_01_00006.txt,2147,2019-01-17
2017-12-13,10:41:18.42,0.42,2017-12-13 10:41:18,NA,NA,3E7_0000001D04,NA,NA,NA,RanchoSanCarlos,Biomark,C:\Users\HaleyOhms\Documents\GitHub\AntWrangler\example\RanchoSanCarlos\archive\2019-01-17_2019-01-17_2019-01-17_01_00006.txt,2150,2019-01-17
2017-12-13,10:41:18.66,0.66,2017-12-13 10:41:18,NA,NA,3E7_0000001D03,NA,NA,NA,RanchoSanCarlos,Biomark,C:\Users\HaleyOhms\Documents\GitHub\AntWrangler\example\RanchoSanCarlos\archive\2019-01-17_2019-01-17_2019-01-17_01_00006.txt,2151,2019-01-17
2017-12-13,11:41:18.07,0.07,2017-12-13 11:41:18,NA,NA,3E7_0000001D05,NA,NA,NA,RanchoSanCarlos,Biomark,C:\Users\HaleyOhms\Documents\GitHub\AntWrangler\example\RanchoSanCarlos\archive\2019-01-17_2019-01-17_2019-01-17_01_00006.txt,2311,2019-01-17
2017-12-13,11:41:18.18,0.18,2017-12-13 11:41:18,NA,NA,3E7_0000001D06,NA,NA,NA,RanchoSanCarlos,Biomark,C:\Users\HaleyOhms\Documents\GitHub\AntWrangler\example\RanchoSanCarlos\archive\2019-01-17_2019-01-17_2019-01-17_01_00006.txt,2314,2019-01-17
2017-12-13,11:41:18.26,0.26,2017-12-13 11:41:18,NA,NA,3E7_0000001D01,NA,NA,NA,RanchoSanCarlos,Biomark,C:\Users\HaleyOhms\Documents\GitHub\AntWrangler\example\RanchoSanCarlos\archive\2019-01-17_2019-01-17_2019-01-17_01_00006.txt,2317,2019-01-17
2017-12-13,11:41:18.31,0.31,2017-12-13 11:41:18,NA,NA,3E7_0000001D02,NA,NA,NA,RanchoSanCarlos,Biomark,C:\Users\HaleyOhms\Documents\GitHub\AntWrangler\example\RanchoSanCarlos\archive\2019-01-17_2019-01-17_2019-01-17_01_00006.txt,2320,2019-01-17
2017-12-13,11:41:18.36,0.36,2017-12-13 11:41:18,NA,NA,3E7_0000001D03,NA,NA,NA,RanchoSanCarlos,Biomark,C:\Users\HaleyOhms\Documents\GitHub\AntWrangler\example\RanchoSanCarlos\archive\2019-01-17_2019-01-17_2019-01-17_01_00006.txt,2323,2019-01-17
2017-12-13,11:41:18.42,0.42,2017-12-13 11:41:18,NA,NA,3E7_0000001D04,NA,NA,NA,RanchoSanCarlos,Biomark,C:\Users\HaleyOhms\Documents\GitHub\AntWrangler\example\RanchoSanCarlos\archive\2019-01-17_2019-01-17_2019-01-17_01_00006.txt,2326,2019-01-17
2017-12-13,12:41:18.10,0.1,2017-12-13 12:41:18,NA,NA,3E7_0000001D02,NA,NA,NA,RanchoSanCarlos,Biomark,C:\Users\HaleyOhms\Documents\GitHub\AntWrangler\example\RanchoSanCarlos\archive\2019-01-17_2019-01-17_2019-01-17_01_00006.txt,2454,2019-01-17
2017-12-13,12:41:18.17,0.17,2017-12-13 12:41:18,NA,NA,3E7_0000001D03,NA,NA,NA,RanchoSanCarlos,Biomark,C:\Users\HaleyOhms\Documents\GitHub\AntWrangler\example\RanchoSanCarlos\archive\2019-01-17_2019-01-17_2019-01-17_01_00006.txt,2456,2019-01-17
2017-12-13,12:41:18.23,0.23,2017-12-13 12:41:18,NA,NA,3E7_0000001D04,NA,NA,NA,RanchoSanCarlos,Biomark,C:\Users\HaleyOhms\Documents\GitHub\AntWrangler\example\RanchoSanCarlos\archive\2019-01-17_2019-01-17_2019-01-17_01_00006.txt,2460,2019-01-17
2017-12-13,12:41:18.28,0.28,2017-12-13 12:41:18,NA,NA,3E7_0000001D05,NA,NA,NA,RanchoSanCarlos,Biomark,C:\Users\HaleyOhms\Documents\GitHub\AntWrangler\example\RanchoSanCarlos\archive\2019-01-17_2019-01-17_2019-01-17_01_00006.txt,2463,2019-01-17
2017-12-13,12:41:18.33,0.33,2017-12-13 12:41:18,NA,NA,3E7_0000001D06,NA,NA,NA,RanchoSanCarlos,Biomark,C:\Users\HaleyOhms\Documents\GitHub\AntWrangler\example\RanchoSanCarlos\archive\2019-01-17_2019-01-17_2019-01-17_01_00006.txt,2465,2019-01-17
2017-12-13,12:41:18.43,0.43,2017-12-13 12:41:18,NA,NA,3E7_0000001D01,NA,NA,NA,RanchoSanCarlos,Biomark,C:\Users\HaleyOhms\Documents\GitHub\AntWrangler\example\RanchoSanCarlos\archive\2019-01-17_2019-01-17_2019-01-17_01_00006.txt,2469,2019-01-17
